Gene,Operon,System Type,Gene type,HMM,Evalue,Predicted methylation,Prediction confidence,REBASE homolog,Homolog identity(%),Homolog methylation,Homolog motif,contig,source,SS0124_S14,SS0126_S16,SS0122_S12,SS0127_S17,SS0123_S13,SS0125_S15
NODE_153_length_24944_cov_757.707019_2,RM Operon #1,RM_Type_II,MT,Type_II_MTases_FAM_4,9.1e-79,m6A,0.961999489926039,M.TerORF3905P,99.149,,GATC,NODE_153_length_24944_cov_757.707019,tery,203.2391372014447,10.870387808338723,10.296482125704692,115.63603483140952,45.73004953515742,61.481258064318766
NODE_153_length_24944_cov_757.707019_3,RM Operon #1,RM_Type_II,RE,Type_II_REase07,5.5e-64,,,TerORF3905P,99.045,,GATC,NODE_153_length_24944_cov_757.707019,tery,109.48229826937644,28.434825110881892,15.051452087533896,37.8037545403204,56.780256422312796,63.53697633310303
NODE_198_length_20208_cov_384.410311_11,RM Operon #2,RM_Type_IV,RE,FAM_1-RM_Type_IV__Type_IV_REases,1e-64,,,TerMcrBCP_(TerMcrBP),98.887,,,NODE_198_length_20208_cov_384.410311,tery,204.2504777558382,0.05,0.05,54.65812435878406,0.05,0.05
NODE_198_length_20208_cov_384.410311_10,RM Operon #2,RM_Type_IV,RE,Type_IV_01-RM_Type_IV__Type_IV_REases,5e-40,,,TerMcrBCP_(TerMcrCP),99.506,,,NODE_198_length_20208_cov_384.410311,tery,169.9806324177463,0.7163775418550067,0.05,35.498176859194025,0.6811717288413911,8.858048398844039
NODE_210_length_19150_cov_1816.967321_6,RM Operon #3,RM_Type_II,MT,Type_II_MTases_FAM_0,2.7e-82,m5C,0.989974293059126,M.TerORF4678P,99.71,m5C,GTCGAC,NODE_210_length_19150_cov_1816.967321,tery,225.21182740602282,3.949304651857455,4.540864152490629,155.36379251737165,7.236958316450478,9.800857822442584
NODE_210_length_19150_cov_1816.967321_2,RM Operon #3,Type_IV,RE,GmrSD_N,1.4e-27,cuts m5C,,Pag7805ORF3196P,66.389,,,NODE_210_length_19150_cov_1816.967321,tery,183.02533031795133,13.944782937651198,9.381782639280196,117.2528775632853,8.637122673362407,6.649550059704965
NODE_34_length_61634_cov_436.625749_48,RM Operon #4,RM_Type_II,MT,Type_II_MTases_FAM_0,7e-65,m5C,0.989974293059126,M.TerORF4525P,99.703,m5C,CTGCAG,NODE_34_length_61634_cov_436.625749,tery,227.6249487125959,15.766703763081965,37.257752401283845,91.30022480339504,56.47970787755205,42.564299161243206
NODE_34_length_61634_cov_436.625749_49,RM Operon #4,RM_Type_II,RE,Type_II_REase22,1.4e-58,,,TerORF4525P,99.408,,CTGCAG,NODE_34_length_61634_cov_436.625749,tery,722.5011085588822,25.358317589609094,87.19902692178307,617.9083304857176,92.66614631630516,58.84449569810842
NODE_52_length_51813_cov_688.393659_4,Singleton #10,Type_IV,RE,GmrSD_N,1.9e-14,cuts m5C,,,,,,NODE_52_length_51813_cov_688.393659,tery,133.49893513999353,0.05,35.94230155015632,46.828367912585925,3.640017232253924,0.05
NODE_56_length_48013_cov_444.751658_4,Singleton #11,RM_Type_I,RE,Type_I_REases_FAM_2.einsi_trimmed,4e-18,,,,,,,NODE_56_length_48013_cov_444.751658,tery,112.77087843898838,28.050153291684758,27.593329347839973,39.59842326633772,45.304430613536326,57.59841671632721
NODE_67_length_44676_cov_538.449474_10,Singleton #12,RM_Type_II,MT,Type_II_MTases_FAM_2,5.4e-81,m5C,0.988996200126663,M.TerORF4652P,99.274,m5C,,NODE_67_length_44676_cov_538.449474,tery,197.8135361547535,0.05,0.05,38.813952981635545,0.9054724258676706,2.4376362601825163
NODE_68_length_43634_cov_511.566328_3,Singleton #13,Type_IV,RE,GmrSD_N,1.3e-36,cuts m5C,,,,,,NODE_68_length_43634_cov_511.566328,tery,251.1400953901332,35.1491265841294,24.30988405590414,201.3162475921969,33.17854194951894,29.464892231003926
NODE_110_length_31929_cov_470.605039_14,Singleton #2,RM_Type_II,MT,Type_II_MTases_FAM_0,3e-11,m5C,0.989974293059126,M.Mae88ORF48450P,67.647,m5C,,NODE_110_length_31929_cov_470.605039,tery,255.938777083023,139.02033482328656,103.5394694696174,151.63668160831511,194.76477247803174,284.78960568054094
NODE_110_length_31929_cov_470.605039_24,Singleton #2,RM_Type_I,MT,Type_I_MTases_FAM_3,2.2e-254,m6A,0.999103299856528,M.TerORF4473P,99.557,m6A,,NODE_110_length_31929_cov_470.605039,tery,228.83475189097618,27.192321975294252,15.531006703446865,113.16851340585356,24.231120168890673,30.203366999496254
NODE_115_length_29876_cov_807.641796_11,Singleton #3,RM_Type_II,MT,Type_II_MTases_FAM_1,1.1e-13,,,M.TerORF950P,98.603,,,NODE_115_length_29876_cov_807.641796,tery,539.7492972963164,53.806856403481724,54.19217418198131,531.2538080388306,38.897035888474306,44.594012484367724
NODE_159_length_23997_cov_519.480244_1,Singleton #4,RM_Type_I,RE,Type_I_REases_FAM_2.einsi_trimmed,1.4e-139,,,TerORF2418P,99.106,,,NODE_159_length_23997_cov_519.480244,tery,321.4719358429886,0.7644993078790087,1.8183936090647848,94.24552148300596,1.0958881307636243,0.2789481822542522
NODE_169_length_22625_cov_378.337262_9,Singleton #5,Type_IV,RE,GmrSD_N,3.3e-19,cuts m5C,,,,,,NODE_169_length_22625_cov_378.337262,tery,206.8244062689508,45.61311470943831,50.1806218336629,118.0867068162591,28.737834163679974,33.440622828363296
NODE_169_length_22625_cov_378.337262_12,Singleton #5,Type_IV,RE,GmrSD_N,1.6000000000000002e-23,cuts m5C,,,,,,NODE_169_length_22625_cov_378.337262,tery,67.21169962187813,7.252223747498812,5.239300045038122,21.96041746933057,21.701541368736773,25.160088692330174
NODE_177_length_21761_cov_483.241500_11,Singleton #6,RM_Type_I,RE,Type_I_REases_FAM_1.einsi_trimmed,3.6000000000000005e-282,,,TerORF4473P,95.156,,,NODE_177_length_21761_cov_483.241500,tery,399.6211951783691,22.77581450503673,26.5918925857845,388.3046304214505,49.22306104844168,81.13180301792327
NODE_24_length_68070_cov_475.815467_55,Singleton #7,RM_Type_II,MT,Type_II_MTases_FAM_0,2.8e-12,m5C,0.989974293059126,M.PspETS05ORFPP,68.227,m5C,,NODE_24_length_68070_cov_475.815467,tery,362.9156919315659,399.02702091842554,393.0729851995012,293.9903537678389,642.0624646421019,883.8536105606515
NODE_282_length_13315_cov_415.233710_5,Singleton #8,RM_Type_II,MT,Type_II_MTases_FAM_21,9.9e-193,m5C,0.995564005069709,M.TerORF531P,99.525,m5C,CGATCG,NODE_282_length_13315_cov_415.233710,tery,178.6181564997798,9.553123205584445,10.685281447470565,86.68850311841605,14.369864519958835,18.54899050280541
NODE_405_length_8974_cov_484.942594_4,Singleton #9,RM_Type_I,MT,Type_I_MTases_FAM_1,6.9e-170,m6A,0.996974281391831,M.TerORF2418P,100.0,m6A,,NODE_405_length_8974_cov_484.942594,tery,133.49943542958886,2.2520071573525087,5.191624207709393,32.88067949507104,0.7357002276344784,0.475288784590427
SHDOJQCQ_CDS_0069,Singleton #1,RM_Type_II,MT,Type_II_MTases_FAM_2,5.4000000000000005e-30,m5C,0.988996200126663,,,,,,phage,44.36340686877051,0.060351102689638204,0.0831550489802245,32.296816695689635,0.061713752246927905,0.0607845674368025
SHDOJQCQ_CDS_0113,Singleton #2,RM_Type_II,MT,Type_II_MTases_FAM_4,5e-71,m6A,0.961999489926039,,,,,,phage,35.53720671347078,0.5217777979881636,2.635703761057743,28.324459971153654,0.109320445870806,0.1046148949874439
SHDOJQCQ_CDS_0135,Singleton #3,RM_Type_I,MT,Type_I_MTases_FAM_3,1.4e-54,m6A,0.999103299856528,,,,,,phage,42.18195714000318,0.13515196842130078,0.13021929326589832,22.246259185755132,0.1463616236194647,0.2013421438512561
SHDOJQCQ_CDS_0137,Singleton #3,RM_Type_I,SP,Type_I_S_52,1.7e-51,,,,,,,,phage,31.69359838560526,0.2703312927097626,0.9861738715494125,18.13019870059587,0.2382743876055537,0.1858608144572974
SHDOJQCQ_CDS_0158,Singleton #4,RM_Type_II,MT,Type_II_MTases_FAM_27,1.3e-12,m6A,,M.TerORF3117P,67.16,,,,phage,29.949627693455845,5.44935253025982,3.3114254947166932,18.260305739798746,5.337979757319922,4.551512358047068
SHDOJQCQ_CDS_0161,Singleton #4,RM_Type_II,MT,Type_II_MTases_FAM_27,6e-33,m6A,,M.TerORF4236P,55.135,,,,phage,27.52569374009538,0.0588871208042496,1.3309632024408586,14.72255823078432,0.1405134273803867,0.0592592795672275
