,numreads,covbases,coverage,meandepth,meanbaseq,meanmapq,CPM,Region,Source,Latitude,Longitude,Size_Categorie,station,Metagenome,depth,tricho_present,logCPM,phage_present
ERR599049,0,0,0.0,0.0,0.0,0.0,0.01,Red Sea,Tara,22.025,38.2333,Size_01,33SUR,33SUR0CCII11,SUR,No Tricho,-2.0,False
ERR868419,0,0,0.0,0.0,0.0,0.0,0.01,South Pacific,Tara,-8.9971,220.8037,Size_01,122DCM,122DCM1GGMM11,DCM,No Tricho,-2.0,False
ERR1726559,0,0,0.0,0.0,0.0,0.0,0.01,North Pacific,Tara,31.5213,201.0042,Size_02,132SUR,132SUR1MMQQ11,SUR,Tricho present,-2.0,False
ERR4691598,0,0,0.0,0.0,0.0,0.0,0.01,Arctic,Tara,67.1675,0.2177,Size_02,158DCM,158DCM1KKQQ11,DCM,No Tricho,-2.0,False
ERR599098,0,0,0.0,0.0,0.0,0.0,0.01,Indian,Tara,-16.957,53.9801,Size_01,52SUR,52SUR0CCII11,SUR,No Tricho,-2.0,False
ERR1726580,7,385,0.258043,0.00408177,37.3,42.9,0.04691689008042896,North Pacific,Tara,31.5213,201.0042,Size_03,132SUR,132SUR1QQSS11,SUR,Tricho present,-1.3286707831223932,False
ERR4691846,0,0,0.0,0.0,0.0,0.0,0.01,North Pacific,Tara,7.4122,280.6983,Size_All,140SUR,140SUR1GGZZ11,SUR,Tricho present,-2.0,False
ERR4691739,0,0,0.0,0.0,0.0,0.0,0.01,Mediterranean,Tara,40.6541,2.8407,Size_04,10SUR,10SUR1SSUU11,SUR,No Tricho,-2.0,False
ERR4691844,0,0,0.0,0.0,0.0,0.0,0.01,North Pacific,Tara,7.4122,280.6983,Size_03,140SUR,140SUR1QQSS11,SUR,Tricho present,-2.0,False
ERR318598,0,0,0.0,0.0,0.0,0.0,0.01,Mediterranean,Tara,42.1735,17.7252,Size_04,23DCM,23DCM1SSUU11,DCM,No Tricho,-2.0,False
ERR4691753,48108,136352,91.3887,30.2759,37.6,58.9,322.4396782841823,Indian,Tara,-13.0833,46.971,Size_03,53SUR,53SUR1QQSS11,SUR,Tricho present,2.5084484791614963,True
ERR4691693,0,0,0.0,0.0,0.0,0.0,0.01,Arctic,Tara,61.5442,304.0135,Size_02,210SUR,210SUR1KKQQ11,SUR,No Tricho,-2.0,False
ERR1726616,0,0,0.0,0.0,0.0,0.0,0.01,North Pacific,Tara,32.931,238.13549999999998,Size_02,135DCM,135DCM1MMQQ11,DCM,No Tricho,-2.0,False
ERR1726728,752,41220,27.6273,0.475141,37.3,59.6,5.040214477211797,Indian,Tara,-17.4174,42.2547,Size_03,58SUR,58SUR1QQSS11,SUR,Tricho present,0.7024490174549923,True
ERR1726573,1,49,0.0328418,0.000328418,39.8,0.0,0.006702412868632708,South Atlantic,Tara,-44.5342,307.545,Size_04,81DCM,81DCM0SSUU11,DCM,No Tricho,-2.17376882313665,False
ERR1726823,1650,7633,5.11595,0.936394,36.2,58.3,11.05898123324397,North Pacific,Tara,22.7598,202.0432,Size_04,131SUR,131SUR1SSUU11,SUR,Tricho present,1.0437151210772564,False
ERR1726617,0,0,0.0,0.0,0.0,0.0,0.01,North Atlantic,Tara,29.6394,280.4605,Size_04,143DCM,143DCM1SSUU11,DCM,Tricho present,-2.0,False
ERR4691852,6032,107921,72.3331,3.81698,38.1,59.1,40.428954423592494,Indian,Tara,-12.807,45.2247,Size_02,54SUR,54SUR2MMQQ11,SUR,Tricho present,1.6066925097250677,True
ERR868391,110,8741.0,5.85858,0.0688807,30.0,58.6,0.7372654155495979,Indian,Tara,-21.5043,54.3563,Size_01,51SUR,51SUR1GGMM11,SUR,Tricho present,-0.13237613797842493,False
ERR1726563,0,0,0.0,0.0,0.0,0.0,0.01,North Pacific,Tara,1.9928,275.4234,Size_03,109DCM,109DCM1QQSS11,DCM,No Tricho,-2.0,False
ERR4691848,2262,47789,32.0302,1.33847,37.8,58.8,15.160857908847186,North Atlantic,Tara,9.8481,279.9546,Size_03,141SUR,141SUR1QQSS11,SUR,Tricho present,1.1807237774527866,True
ERR4691850,11,872,0.58445,0.00653485,38.4,53.4,0.07372654155495979,North Atlantic,Tara,9.8481,279.9546,Size_All,141SUR,141SUR1GGZZ11,SUR,Tricho present,-1.132376137978425,False
ERR4691689,0,0,0.0,0.0,0.0,0.0,0.01,Arctic,Tara,69.1136,308.4914,Size_02,208SUR,208SUR1KKQQ11,SUR,No Tricho,-2.0,False
ERR1726577,0,0,0.0,0.0,0.0,0.0,0.01,North Pacific,Tara,0.0003,206.3241,Size_03,128SUR,128SUR1QQSS11,SUR,No Tricho,-2.0,False
ERR1726787,0,0,0.0,0.0,0.0,0.0,0.01,Mediterranean,Tara,39.3888,19.3905,Size_04,25SUR,25SUR1SSUU11,SUR,No Tricho,-2.0,False
ERR599170,0,0,0.0,0.0,0.0,0.0,0.01,North Atlantic,Tara,35.9346,322.6968,Size_01,150SUR,150SUR0CCKK11,SUR,No Tricho,-2.0,False
ERR1726640,1740,52555,35.2245,1.06987,37.7,59.4,11.662198391420912,North Pacific,Tara,22.7598,202.0432,Size_02,131SUR,131SUR1MMQQ11,SUR,Tricho present,1.0667804251459496,True
ERR1726555,0,0,0.0,0.0,0.0,0.0,0.01,Mediterranean,Tara,35.7606,14.2522,Size_02,18SUR,18SUR1MMQQ11,SUR,No Tricho,-2.0,False
ERR4691752,16977,127617,85.5342,10.6056,37.2,58.4,113.78686327077749,Indian,Tara,-13.0833,46.971,Size_02,53SUR,53SUR1MMQQ11,SUR,Tricho present,2.0560921255183406,True
ERR1726747,0,0,0.0,0.0,0.0,0.0,0.01,North Pacific,Tara,32.931,238.13549999999998,Size_04,135SUR,135SUR1SSUU11,SUR,No Tricho,-2.0,False
ERR1726769,8,684,0.458445,0.00529491,37.0,60.0,0.05361930294906166,North Pacific,Tara,31.5213,201.0042,Size_03,132DCM,132DCM1QQSS11,DCM,Tricho present,-1.2706788361447063,False
ERR1726621,1951,63476,42.5442,1.24038,37.4,59.8,13.076407506702413,North Pacific,Tara,22.7598,202.0432,Size_03,131SUR,131SUR1QQSS11,SUR,Tricho present,1.1164884462578681,True
ERR1726934,0,0,0.0,0.0,0.0,0.0,0.01,Indian,Tara,6.0001,73.8955,Size_04,42SUR,42SUR1SSUU11,SUR,No Tricho,-2.0,False
ERR4691645,0,0,0.0,0.0,0.0,0.0,0.01,Arctic,Tara,78.2518,91.8557,Size_04,188SUR,188SUR1SSUU11,SUR,No Tricho,-2.0,False
ERR1726798,2,168,0.112601,0.00113271,34.6,50.0,0.013404825737265416,Indian,Tara,-17.4174,42.2547,Size_04,58DCM,58DCM1SSUU11,DCM,Tricho present,-1.8727388274726688,False
ERR4691743,0,0,0.0,0.0,0.0,0.0,0.01,South Pacific,Tara,-31.4328,266.0417,Size_All,95SUR,95SUR1GGZZ11,SUR,No Tricho,-2.0,False
ERR1726764,0,0,0.0,0.0,0.0,0.0,0.01,North Atlantic,Tara,34.6712,288.6907,Size_04,146SUR,146SUR1SSUU11,SUR,Tricho present,-2.0,False
ERR599243,0,0,0.0,0.0,0.0,0.0,0.01,South Atlantic,Tara,-31.0266,4.665,Size_04,68SUR,68SUR1SSUU11,SUR,No Tricho,-2.0,False
ERR1726788,0,0,0.0,0.0,0.0,0.0,0.01,North Pacific,Tara,1.9928,275.4234,Size_03,109SUR,109SUR1QQSS11,SUR,No Tricho,-2.0,False
ERR318604,0,0,0.0,0.0,0.0,0.0,0.01,Mediterranean,Tara,33.9178,32.8872,Size_01,30SUR,30SUR1GGMM11,SUR,No Tricho,-2.0,False
ERR599090,0,0,0.0,0.0,0.0,0.0,0.01,Southern,Tara,-62.0385,310.471,Size_01,85SUR,85SUR0CCKK11,SUR,No Tricho,-2.0,False
ERR599250,0,0,0.0,0.0,0.0,0.0,0.01,South Atlantic,Tara,-30.1367,316.7101,Size_02,78SUR,78SUR1MMQQ11,SUR,No Tricho,-2.0,False
ERR1726697,1729,70863,47.4953,1.07351,37.4,57.9,11.588471849865952,Indian,Tara,-21.5043,54.3563,Size_02,51SUR,51SUR3MMQQ11,SUR,Tricho present,1.0640261701372726,True
ERR4691709,0,0,0.0,0.0,0.0,0.0,0.01,Indian,Tara,-21.4966,56.9011,Size_04,50DCM,50DCM2SSUU11,DCM,Tricho present,-2.0,False
ERR4691761,0,0,0.0,0.0,0.0,0.0,0.01,Mediterranean,Tara,43.3482,7.901,Size_03,12DCM,12DCM1QQSS11,DCM,No Tricho,-2.0,False
ERR599050,0,0,0.0,0.0,0.0,0.0,0.01,South Pacific,Tara,-32.7971,272.9307,Size_01,94SUR,94SUR0CCKK11,SUR,No Tricho,-2.0,False
ERR1726593,0,0,0.0,0.0,0.0,0.0,0.01,South Pacific,Tara,-28.1698,252.61669999999998,Size_04,97SUR,97SUR1SSUU11,SUR,No Tricho,-2.0,False
ERR4691692,0,0,0.0,0.0,0.0,0.0,0.01,Arctic,Tara,61.5442,304.0135,Size_All,210SUR,210SUR1GGZZ11,SUR,No Tricho,-2.0,False
ERR1726951,0,0,0.0,0.0,0.0,0.0,0.01,Indian,Tara,20.8222,63.5133,Size_03,36SUR,36SUR1QQSS11,SUR,No Tricho,-2.0,False
ERR4691756,130258,138893,93.0918,81.8276,37.9,59.0,873.0428954423593,Indian,Tara,-12.807,45.2247,Size_03,54SUR,54SUR1QQSS11,SUR,Tricho present,2.9410355825328893,True
ERR1726625,0,0,0.0,0.0,0.0,0.0,0.01,North Atlantic,Tara,31.6948,295.7511,Size_03,148SUR,148SUR1QQSS11,SUR,Tricho present,-2.0,False
ERR1726902,5,251,0.168231,0.00325737,37.8,60.0,0.03351206434316354,Red Sea,Tara,22.025,38.2333,Size_03,33SUR,33SUR1QQSS11,SUR,Tricho present,-1.4747988188006311,False
ERR599027,0,0,0.0,0.0,0.0,0.0,0.01,South Atlantic,Tara,-47.1863,301.7098,Size_01,82DCM,82DCM0CCKK11,DCM,No Tricho,-2.0,False
ERR1726557,0,0,0.0,0.0,0.0,0.0,0.01,Mediterranean,Tara,39.0864,5.791,Size_04,9DCM,9DCM1SSUU11,DCM,No Tricho,-2.0,False
ERR4691757,578,35522,23.8083,0.360972,37.5,58.6,3.8739946380697052,Indian,Tara,-12.807,45.2247,Size_04,54SUR,54SUR1SSUU11,SUR,Tricho present,0.5881590152838791,True
ERR4691759,21,1664,1.11528,0.0129625,38.7,59.7,0.14075067024128687,Indian,Tara,-22.3368,40.3412,Size_03,62SUR,62SUR1QQSS11,SUR,Tricho present,-0.8515495284027307,False
ERR4691758,115,9107,6.10389,0.0723928,37.4,58.3,0.7707774798927615,Indian,Tara,-22.3368,40.3412,Size_01,62SUR,62SUR1GGMM11,SUR,Tricho present,-0.11307098278303826,False
ERR599291,0,0,0.0,0.0,0.0,0.0,0.01,Southern,Tara,-60.2287,299.3524,Size_04,84SUR,84SUR0SSUU11,SUR,No Tricho,-2.0,False
ERR4691849,2,136,0.0911528,0.00113271,39.5,45.0,0.013404825737265416,North Atlantic,Tara,9.8481,279.9546,Size_04,141SUR,141SUR1SSUU11,SUR,Tricho present,-1.8727388274726688,False
ERR4691835,0,0,0.0,0.0,0.0,0.0,0.01,North Pacific,Tara,32.7526,237.99869999999999,Size_04,134SUR,134SUR1SSUU11,SUR,No Tricho,-2.0,False
ERR1726651,441,30281,20.2956,0.278887,37.5,59.3,2.9557640750670244,Indian,Tara,-21.5043,54.3563,Size_04,51SUR,51SUR1SSUU11,SUR,Tricho present,0.4706697663311886,True
ERR1726662,0,0,0.0,0.0,0.0,0.0,0.01,Mediterranean,Tara,39.0864,5.791,Size_04,9SUR,9SUR1SSUU11,SUR,No Tricho,-2.0,False
ERR1726677,1749,65854,44.1381,1.10163,37.3,59.0,11.722520107238607,Indian,Tara,-17.4174,42.2547,Size_02,58SUR,58SUR1MMQQ11,SUR,Tricho present,1.0690209863420266,True
ERR1726838,23,1169,0.783512,0.0135523,37.6,59.9,0.1541554959785523,Red Sea,Tara,23.36,37.2183,Size_03,32SUR,32SUR1QQSS11,SUR,Tricho present,-0.812040987119057,False
ERR4691755,7184,116010,77.7547,4.52971,37.7,59.1,48.15013404825738,Indian,Tara,-12.807,45.2247,Size_01,54SUR,54SUR1GGMM11,SUR,Tricho present,1.682597500522598,True
ERR1726737,0,0,0.0,0.0,0.0,0.0,0.01,North Atlantic,Tara,29.6394,280.4605,Size_03,143SUR,143SUR1QQSS11,SUR,Tricho present,-2.0,False
ERR1726780,0,0,0.0,0.0,0.0,0.0,0.01,South Atlantic,Tara,-20.9354,324.8197,Size_02,76DCM,76DCM1MMQQ11,DCM,Tricho present,-2.0,False
ERR1726921,1996,80465,53.931,1.23715,37.6,58.6,13.378016085790886,Indian,Tara,-21.5043,54.3563,Size_02,51SUR,51SUR2MMQQ11,SUR,Tricho present,1.1263917138147024,True
ERR1726856,0,0,0.0,0.0,0.0,0.0,0.01,North Pacific,Tara,1.9928,275.4234,Size_02,109DCM,109DCM1MMQQ11,DCM,No Tricho,-2.0,False
ERR318600,0,0,0.0,0.0,0.0,0.0,0.01,Mediterranean,Tara,42.1735,17.7252,Size_04,23SUR,23SUR1SSUU11,SUR,No Tricho,-2.0,False
ERR4691794,0,0,0.0,0.0,0.0,0.0,0.01,South Pacific,Tara,-23.0242,225.0768,Size_04,120SUR,120SUR1SSUU11,SUR,No Tricho,-2.0,False
ERR1726595,33,1247,0.835791,0.0199799,36.6,59.8,0.22117962466487937,North Pacific,Tara,22.7598,202.0432,Size_02,131DCM,131DCM1MMQQ11,DCM,Tricho present,-0.6552548832587625,False
ERR1726914,593,34358,23.0282,0.380402,37.4,59.1,3.974530831099196,North Pacific,Tara,22.7598,202.0432,Size_All,131SUR,131SUR1GGZZ11,SUR,Tricho present,0.5992858702276126,True
ERR1726702,0,0,0.0,0.0,0.0,0.0,0.01,North Pacific,Tara,32.931,238.13549999999998,Size_02,135SUR,135SUR1MMQQ11,SUR,No Tricho,-2.0,False
ERR1726624,0,0,0.0,0.0,0.0,0.0,0.01,South Pacific,Tara,-13.0023,264.0241,Size_04,100SUR,100SUR1SSUU11,SUR,No Tricho,-2.0,False
ERR1726837,219.0,16469.0,11.0382,0.14248,37.5,58.7,1.4678284182305632,North Pacific,Tara,31.5213,201.0042,Size_02,132DCM,132DCM1MMQQ11,DCM,Tricho present,0.1666752917034684,False
ERR1726782,0,0,0.0,0.0,0.0,0.0,0.01,North Pacific,Tara,31.5213,201.0042,Size_04,132SUR,132SUR1SSUU11,SUR,Tricho present,-2.0,False
ERR1726930,0,0,0.0,0.0,0.0,0.0,0.01,North Pacific,Tara,32.931,238.13549999999998,Size_04,135DCM,135DCM1SSUU11,DCM,No Tricho,-2.0,False
ERR1726906,0,0,0.0,0.0,0.0,0.0,0.01,South Atlantic,Tara,-40.6511,307.818,Size_02,80DCM,80DCM1MMQQ11,DCM,Tricho present,-2.0,False
ERR1726759,0,0,0.0,0.0,0.0,0.0,0.01,Mediterranean,Tara,42.4552,17.9348,Size_04,24SUR,24SUR1SSUU11,SUR,No Tricho,-2.0,False
ERR1726726,173,12010,8.0496,0.112165,37.9,58.4,1.1595174262734584,Indian,Tara,-21.5043,54.3563,Size_03,51SUR,51SUR1QQSS11,SUR,Tricho present,0.06427727999214541,False
ERR1726663,0,0,0.0,0.0,0.0,0.0,0.01,South Atlantic,Tara,-34.9449,17.9189,Size_03,66SUR,66SUR1QQSS11,SUR,No Tricho,-2.0,False
ERR868452,67,4593,3.07842,0.0420241,37.5,57.4,0.44906166219839144,Indian,Tara,-17.4174,42.2547,Size_01,58SUR,58SUR1GGMM11,SUR,Tricho present,-0.34769402043582354,False
ERR1726960,0,0,0.0,0.0,0.0,0.0,0.01,Red Sea,Tara,18.3967,39.875,Size_03,34DCM,34DCM1QQSS11,DCM,Tricho present,-2.0,False
ERR1726948,0,0,0.0,0.0,0.0,0.0,0.01,North Pacific,Tara,6.3332,257.0568,Size_03,138SUR,138SUR1QQSS11,SUR,No Tricho,-2.0,False
ERR1726706,0,0,0.0,0.0,0.0,0.0,0.01,South Atlantic,Tara,-44.5342,307.545,Size_03,81DCM,81DCM1QQSS11,DCM,No Tricho,-2.0,False
ERR599263,0,0,0.0,0.0,0.0,0.0,0.01,South Atlantic,Tara,-30.1367,316.7101,Size_03,78SUR,78SUR1QQSS11,SUR,Tricho present,-2.0,False
ERR1726644,27137,104924,70.3244,17.136,36.7,59.5,181.8833780160858,Indian,Tara,4.6599,73.4856,Size_03,43SUR,43SUR1QQSS11,SUR,Tricho present,2.259793011511311,True
ERR1726648,0,0,0.0,0.0,0.0,0.0,0.01,South Atlantic,Tara,-40.6511,307.818,Size_04,80DCM,80DCM1SSUU11,DCM,No Tricho,-2.0,False
ERR868485,15,933,0.625335,0.00876676,37.1,58.1,0.10053619302949063,North Pacific,Tara,22.7598,202.0432,Size_01,131SUR,131SUR1GGMM11,SUR,Tricho present,-0.9976775640809687,False
ERR4691760,0,0,0.0,0.0,0.0,0.0,0.01,Indian,Tara,-22.3368,40.3412,Size_04,62SUR,62SUR1SSUU11,SUR,Tricho present,-2.0,False
ERR599262,0,0,0.0,0.0,0.0,0.0,0.01,South Atlantic,Tara,-30.1367,316.7101,Size_03,78DCM,78DCM1QQSS11,DCM,No Tricho,-2.0,False
ERR1726976,0,0,0.0,0.0,0.0,0.0,0.01,Mediterranean,Tara,39.3888,19.3905,Size_03,25SUR,25SUR1QQSS11,SUR,No Tricho,-2.0,False
ERR1726674,0,0,0.0,0.0,0.0,0.0,0.01,Indian,Tara,-17.4174,42.2547,Size_04,58SUR,58SUR1SSUU11,SUR,Tricho present,-2.0,False
ERR1726758,117,7523,5.04223,0.0694437,36.9,58.0,0.7841823056300269,South Atlantic,Tara,-40.6511,307.818,Size_03,80DCM,80DCM1QQSS11,DCM,Tricho present,-0.10558296139048831,False
ERR1726590,997,49388,33.1019,0.620101,37.6,59.0,6.68230563002681,Indian,Tara,-17.4174,42.2547,Size_03,58DCM,58DCM1QQSS11,DCM,Tricho present,0.8249263351750058,True
ERR4691735,0,0,0.0,0.0,0.0,0.0,0.01,Mediterranean,Tara,40.6541,2.8407,Size_03,10DCM,10DCM1QQSS11,DCM,No Tricho,-2.0,False
ERR1726813,4,332,0.22252,0.00256702,38.4,60.0,0.02680965147453083,Indian,Tara,-21.5043,54.3563,Size_04,51DCM,51DCM1SSUU11,DCM,Tricho present,-1.5717088318086876,False
ERR1726654,0,0,0.0,0.0,0.0,0.0,0.01,North Atlantic,Tara,36.4121,287.0711,Size_04,144SUR,144SUR1SSUU11,SUR,Tricho present,-2.0,False
ERR1726841,0,0,0.0,0.0,0.0,0.0,0.01,South Pacific,Tara,-5.2529,274.8455,Size_02,102SUR,102SUR1MMQQ11,SUR,Tricho present,-2.0,False
ERR1726652,0,0,0.0,0.0,0.0,0.0,0.01,Indian,Tara,14.6059,69.9776,Size_04,41SUR,41SUR1SSUU11,SUR,Tricho present,-2.0,False
ERR1726830,0,0,0.0,0.0,0.0,0.0,0.01,South Pacific,Tara,-0.0283,275.4138,Size_03,106DCM,106DCM1QQSS11,DCM,No Tricho,-2.0,False
ERR599245,0,0,0.0,0.0,0.0,0.0,0.01,South Atlantic,Tara,-30.1367,316.7101,Size_04,78SUR,78SUR1SSUU11,SUR,Tricho present,-2.0,False
ERR4691754,8558,116182,77.87,5.37935,37.2,58.7,57.35924932975872,Indian,Tara,-13.0833,46.971,Size_04,53SUR,53SUR1SSUU11,SUR,Tricho present,1.758603459011264,True
ERR1726873,0,0,0.0,0.0,0.0,0.0,0.01,North Pacific,Tara,17.0854,241.1087,Size_03,136SUR,136SUR1QQSS11,SUR,Tricho present,-2.0,False
ERR4691696,0,0,0.0,0.0,0.0,0.0,0.01,Arctic,Tara,73.3833,191.8667,Size_03,194SUR,194SUR2QQSS11,SUR,No Tricho,-2.0,False
ERR1726893,22,1659,1.11193,0.0129826,37.9,56.2,0.14745308310991959,North Atlantic,Tara,29.6394,280.4605,Size_03,143DCM,143DCM1QQSS11,DCM,Tricho present,-0.8313461423144437,False
ERR868444,0,0,0.0,0.0,0.0,0.0,0.01,South Pacific,Tara,-28.1698,252.61669999999998,Size_01,97SUR,97SUR1GGMM11,SUR,No Tricho,-2.0,False
ERR1726835,0,0,0.0,0.0,0.0,0.0,0.01,North Atlantic,Tara,36.4121,287.0711,Size_All,144SUR,144SUR1GGZZ11,SUR,Tricho present,-2.0,False
ERR1726575,140,7907,5.2996,0.0876475,37.9,59.0,0.9383378016085792,Indian,Tara,4.6599,73.4856,Size_02,43SUR,43SUR1MMQQ11,SUR,Tricho present,-0.02764078745841194,False
ERR1726751,0,0,0.0,0.0,0.0,0.0,0.01,Red Sea,Tara,27.145,34.8067,Size_03,31SUR,31SUR1QQSS11,SUR,Tricho present,-2.0,False
ERR1726754,93,7265,4.8693,0.0586528,37.0,58.1,0.6233243967828419,Indian,Tara,14.6059,69.9776,Size_03,41DCM,41DCM1QQSS11,DCM,Tricho present,-0.20528587458271483,False
ERR1726671,240,15359,10.2942,0.153076,37.7,55.9,1.60857908847185,Indian,Tara,,,Size_03,51DCM0,51DCM01QQRR11,CM0,Tricho present,0.20644241857495607,False
ERR1726636,0,0,0.0,0.0,0.0,0.0,0.01,South Atlantic,Tara,-40.6511,307.818,Size_03,80SUR,80SUR1QQSS11,SUR,Tricho present,-2.0,False
ERR1726757,0,0,0.0,0.0,0.0,0.0,0.01,North Atlantic,Tara,34.6712,288.6907,Size_03,146SUR,146SUR1QQSS11,SUR,No Tricho,-2.0,False
ERR1726816,0,0,0.0,0.0,0.0,0.0,0.01,North Pacific,Tara,31.5213,201.0042,Size_All,132SUR,132SUR1GGZZ11,SUR,Tricho present,-2.0,False
ERR1726844,1050,46829,31.3867,0.657406,36.6,59.3,7.037533512064344,Indian,Tara,14.6059,69.9776,Size_03,41SUR,41SUR1QQSS11,SUR,Tricho present,0.8474204759332881,True
ERR4691686,0,0,0.0,0.0,0.0,0.0,0.01,Arctic,Tara,70.9618,306.397,Size_02,206SUR,206SUR1KKQQ11,SUR,No Tricho,-2.0,False
ERR1726777,0,0,0.0,0.0,0.0,0.0,0.01,Red Sea,Tara,18.3967,39.875,Size_03,34SUR,34SUR1QQSS11,SUR,Tricho present,-2.0,False
ERR4691629,0,0,0.0,0.0,0.0,0.0,0.01,Arctic,Tara,77.1604,73.2057,Size_04,178SUR,178SUR1SSUU11,SUR,No Tricho,-2.0,False
ERR1726618,1,92,0.0616622,0.000616622,28.5,60.0,0.006702412868632708,Mediterranean,Tara,39.3888,19.3905,Size_04,25DCM,25DCM1SSUU11,DCM,No Tricho,-2.17376882313665,False
ERR598961,0,0,0.0,0.0,0.0,0.0,0.01,South Pacific,Tara,-16.9601,259.3665,Size_01,111DCM,111DCM0CCKK11,DCM,No Tricho,-2.0,False
ERR4691843,0,0,0.0,0.0,0.0,0.0,0.01,North Pacific,Tara,7.4122,280.6983,Size_02,140SUR,140SUR1MMQQ11,SUR,Tricho present,-2.0,False
ERR868348,2,139,0.0931635,0.000931635,30,55.0,0.013404825737265416,Red Sea,Tara,23.36,37.2183,Size_01,32DCM,32DCM1GGMM11,DCM,Tricho present,-1.8727388274726688,False
ERR868507,0,0,0.0,0.0,0.0,0.0,0.01,Indian,Tara,0.0033,71.6428,Size_01,45SUR,45SUR1GGMM11,SUR,No Tricho,-2.0,False
ERR1726646,35,2367,1.58646,0.0217024,38.4,59.9,0.2345844504021448,Indian,Tara,0.0033,71.6428,Size_03,45SUR,45SUR1QQSS11,SUR,Tricho present,-0.6297007787863743,False
ERR4691764,13,679,0.455094,0.00711126,37.3,49.2,0.0871313672922252,Indian,Tara,-17.0248,42.7401,Size_03,57SUR,57SUR1QQSS11,SUR,Tricho present,-1.0598254708298132,False
ERR1726684,0,0,0.0,0.0,0.0,0.0,0.01,North Atlantic,Tara,29.6394,280.4605,Size_02,143DCM,143DCM1MMQQ11,DCM,Tricho present,-2.0,False
ERR1726854,3482,97680,65.4692,2.17993,36.9,58.5,23.337801608579092,Indian,Tara,-21.5043,54.3563,Size_02,51SUR,51SUR1MMQQ11,SUR,Tricho present,1.3680599436446625,True
ERR1726649,0,0,0.0,0.0,0.0,0.0,0.01,Indian,Tara,-29.5019,37.9889,Size_04,64SUR,64SUR1SSUU11,SUR,Tricho present,-2.0,False
ERR1726885,0,0,0.0,0.0,0.0,0.0,0.01,North Atlantic,Tara,39.2305,289.9623,Size_04,145SUR,145SUR1SSUU11,SUR,No Tricho,-2.0,False
ERR1726630,0,0,0.0,0.0,0.0,0.0,0.01,South Atlantic,Tara,-31.0266,4.665,Size_04,68DCM,68DCM1SSUU11,DCM,No Tricho,-2.0,False
ERR1726767,76,2283,1.53016,0.0451743,37.3,58.9,0.5093833780160858,North Pacific,Tara,22.7598,202.0432,Size_03,131DCM,131DCM1QQSS11,DCM,Tricho present,-0.2929552308558587,False
ERR4691708,0,0,0.0,0.0,0.0,0.0,0.01,Indian,Tara,-21.4966,56.9011,Size_03,50SUR,50SUR1QQSS11,SUR,Tricho present,-2.0,False
ERR1726853,4,305,0.204424,0.00252681,38.8,60.0,0.02680965147453083,South Atlantic,Tara,-44.5342,307.545,Size_03,81SUR,81SUR1QQSS11,SUR,Tricho present,-1.5717088318086876,False
ERR1726538,30,948,0.635389,0.0190483,37.6,60.0,0.20107238605898126,Indian,Tara,4.6599,73.4856,Size_04,43SUR,43SUR1SSUU11,SUR,Tricho present,-0.6966475684169875,False
ERR4691745,0,0,0.0,0.0,0.0,0.0,0.01,Mediterranean,Tara,34.2116,13.7684,Size_02,19SUR,19SUR1MMQQ11,SUR,Tricho present,-2.0,False
ERR1726910,0,0,0.0,0.0,0.0,0.0,0.01,Red Sea,Tara,18.3967,39.875,Size_02,34DCM,34DCM1MMQQ11,DCM,No Tricho,-2.0,False
ERR1726568,11,468,0.313673,0.0061059,36.0,58.3,0.07372654155495979,Red Sea,Tara,23.36,37.2183,Size_03,32DCM,32DCM1QQSS11,DCM,Tricho present,-1.132376137978425,False
ERR599029,8,705,0.47252,0.00497319,38.3,56.0,0.05361930294906166,North Atlantic,Tara,9.8481,279.9546,Size_01,141SUR,141SUR0CCKK11,SUR,Tricho present,-1.2706788361447063,False
ERR1726792,0,0,0.0,0.0,0.0,0.0,0.01,North Pacific,Tara,1.9928,275.4234,Size_02,109SUR,109SUR1MMQQ11,SUR,No Tricho,-2.0,False
ERR4691840,0,0,0.0,0.0,0.0,0.0,0.01,North Atlantic,Tara,29.6394,280.4605,Size_All,143SUR,143SUR1GGZZ11,SUR,Tricho present,-2.0,False
ERR1726748,0,0,0.0,0.0,0.0,0.0,0.01,Mediterranean,Tara,35.7606,14.2522,Size_04,18SUR,18SUR1SSUU11,SUR,No Tricho,-2.0,False
ERR1726894,2,128,0.0857909,0.000857909,37.6,19.0,0.013404825737265416,North Pacific,Tara,6.671,206.9342,Size_03,129SUR,129SUR1QQSS11,SUR,Tricho present,-1.8727388274726688,False
ERR1726718,0,0,0.0,0.0,0.0,0.0,0.01,Mediterranean,Tara,,,Size_04,22DCM0,22DCM01SSUU11,CM0,No Tricho,-2.0,False
ERR4691636,0,0,0.0,0.0,0.0,0.0,0.01,Arctic,Tara,74.8283,76.2096,Size_04,180DCM,180DCM1SSUU11,DCM,No Tricho,-2.0,False
ERR1726541,0,0,0.0,0.0,0.0,0.0,0.01,South Pacific,Tara,-25.8051,248.2798,Size_04,98SUR,98SUR1SSUU11,SUR,No Tricho,-2.0,False
ERR4691666,0,0,0.0,0.0,0.0,0.0,0.01,Arctic,Tara,73.3833,191.8667,Size_04,194DCM,194DCM1SSUU11,DCM,No Tricho,-2.0,False
ERR1726581,0,0,0.0,0.0,0.0,0.0,0.01,North Atlantic,Tara,36.4121,287.0711,Size_03,144SUR,144SUR1QQSS11,SUR,Tricho present,-2.0,False
ERR868436,0,0,0.0,0.0,0.0,0.0,0.01,South Pacific,Tara,-31.4328,266.0417,Size_01,95SUR,95SUR1GGMM11,SUR,No Tricho,-2.0,False
ERR1726917,43,708,0.474531,0.0245777,35.9,58.5,0.28820375335120646,Red Sea,Tara,23.36,37.2183,Size_04,32SUR,32SUR1SSUU11,SUR,Tricho present,-0.5403003675570635,False
ERR868483,0,0,0.0,0.0,0.0,0.0,0.01,South Atlantic,Tara,-40.6511,307.818,Size_01,80DCM,80DCM1GGMM11,DCM,Tricho present,-2.0,False
ERR1726614,1,89,0.0596515,0.000596515,27.3,60.0,0.006702412868632708,Indian,Tara,-0.6625,73.161,Size_04,46SUR,46SUR1SSUU11,SUR,Tricho present,-2.17376882313665,False
ERR4691762,0,0,0.0,0.0,0.0,0.0,0.01,Mediterranean,Tara,43.3482,7.901,Size_03,12SUR,12SUR1QQSS11,SUR,No Tricho,-2.0,False
ERR1726746,0,0,0.0,0.0,0.0,0.0,0.01,Indian,Tara,14.6059,69.9776,Size_04,41DCM,41DCM1SSUU11,DCM,Tricho present,-2.0,False
ERR318601,0,0,0.0,0.0,0.0,0.0,0.01,Mediterranean,Tara,42.1735,17.7252,Size_02,23SUR,23SUR1MMQQ11,SUR,No Tricho,-2.0,False
ERR1726665,115,7995,5.35858,0.0725938,37.5,58.1,0.7707774798927615,Indian,Tara,-21.5043,54.3563,Size_02,51DCM,51DCM2MMQQ11,DCM,Tricho present,-0.11307098278303826,False
ERR1726729,0,0,0.0,0.0,0.0,0.0,0.01,Indian,Tara,-0.6625,73.161,Size_03,46SUR,46SUR1QQSS11,SUR,Tricho present,-2.0,False
ERR4691733,0,0,0.0,0.0,0.0,0.0,0.01,Mediterranean,Tara,38.005,3.9899,Size_04,8SUR,8SUR1SSUU11,SUR,No Tricho,-2.0,False
ERR1726889,0,0,0.0,0.0,0.0,0.0,0.01,North Atlantic,Tara,31.6948,295.7511,Size_04,148SUR,148SUR1SSUU11,SUR,Tricho present,-2.0,False
ERR4691751,4355,100071,67.0717,2.73405,37.4,59.1,29.189008042895445,Indian,Tara,-13.0833,46.971,Size_01,53SUR,53SUR1GGMM11,SUR,Tricho present,1.465219336207032,True
ERR599279,0,0,0.0,0.0,0.0,0.0,0.01,South Atlantic,Tara,-47.1863,301.7098,Size_04,82DCM,82DCM0SSUU11,DCM,No Tricho,-2.0,False
ERR4691672,0,0,0.0,0.0,0.0,0.0,0.01,Arctic,Tara,71.8895,205.0899,Size_04,196SUR,196SUR1SSUU11,SUR,No Tricho,-2.0,False
ERR1726966,44,844,0.565684,0.0252212,37.0,58.8,0.29490616621983917,North Pacific,Tara,22.7598,202.0432,Size_04,131DCM,131DCM1SSUU11,DCM,Tricho present,-0.5303161466504624,False
ERR599081,0,0,0.0,0.0,0.0,0.0,0.01,South Pacific,Tara,-13.0023,264.0241,Size_01,100DCM,100DCM0CCKK11,DCM,No Tricho,-2.0,False
ERR868460,0,0,0.0,0.0,0.0,0.0,0.01,Red Sea,Tara,23.36,37.2183,Size_01,32SUR,32SUR1GGMM11,SUR,Tricho present,-2.0,False
ERR1726673,0,0,0.0,0.0,0.0,0.0,0.01,Mediterranean,Tara,38.425,20.1913,Size_03,26SUR,26SUR1QQSS11,SUR,No Tricho,-2.0,False
ERR1726974,0,0,0.0,0.0,0.0,0.0,0.01,Indian,Tara,0.0033,71.6428,Size_02,45SUR,45SUR1MMQQ11,SUR,Tricho present,-2.0,False
ERR4691738,0,0,0.0,0.0,0.0,0.0,0.01,Mediterranean,Tara,40.6541,2.8407,Size_03,10SUR,10SUR1QQSS11,SUR,No Tricho,-2.0,False
SRR26283905,0,0,0.0,0.0,0.0,0.0,0.01,Red Sea,Picked Colony,29.56,34.95,colony,29.56°N 34.95°E,NA,SUR,Picked Colony,-2.0,False
SRR19658996,1684,45592,30.5576,1.31131,38.9,58.9,11.28686327077748,North Atlantic,Picked Colony,15.5,299.0,colony,15.5ºN 61.0ºW,NA,SUR,Picked Colony,1.0525732640269807,True
SRR7822613,32058,95655,64.1119,15.9501,36.5,57.7,214.86595174262737,South Pacific,Picked Colony,-18.24,190.0,colony,18.24ºS 170ºW,NA,SUR,Picked Colony,2.3321676014298998,True
SRR19658995,9,781,0.523458,0.00641421,35.3,55.3,0.060321715817694375,North Atlantic,Picked Colony,3.5,338.0,colony,3.5ºN 22.0ºW,NA,SUR,Picked Colony,-1.2195263136973251,False
SRR19658994,155,1007,0.674933,0.118076,35.9,59.0,1.0388739946380698,South Atlantic,Picked Colony,-2.0,338.0,colony,2.0ºS 22.0ºW,NA,SUR,Picked Colony,0.016562875033641546,False
SRR14246929,0,0,0.0,0.0,0.0,0.0,0.01,North Atlantic,Picked Colony,25.0,310.0,colony,25ºN 50ºW,NA,SUR,Picked Colony,-2.0,False
SRR6490002,14,1254,0.840483,0.00840483,37.7,57.4,0.09383378016085792,North Atlantic,Picked Colony,16.48,302.73,colony,16.48ºN 57.27ºW,NA,SUR,Picked Colony,-1.027640787458412,False
SRR17940155,0,0,0.0,0.0,0.0,0.0,0.01,Red Sea,Picked Colony,29.56,34.95,colony,29.56°N 34.95°E,NA,SUR,Picked Colony,-2.0,False
SRR6490001,2,151,0.101206,0.00101206,36.4,60.0,0.013404825737265416,North Atlantic,Picked Colony,13.98,304.32,colony,13.98ºN 55.68ºW,NA,SUR,Picked Colony,-1.8727388274726688,False
SRR19658992,0,0,0.0,0.0,0.0,0.0,0.01,North Atlantic,Picked Colony,2.6,320.0,colony,2.6ºN 40.0ºW,NA,SUR,Picked Colony,-2.0,False
SRR6490003,0,0,0.0,0.0,0.0,0.0,0.01,North Atlantic,Picked Colony,21.23,295.11,colony,21.23ºN 64.89ºW,NA,SUR,Picked Colony,-2.0,False
SRR19658999,17,832,0.557641,0.0117895,35.8,56.2,0.11394101876675604,North Atlantic,Picked Colony,12.5,338.0,colony,12.5ºN 22.0ºW,NA,SUR,Picked Colony,-0.943319901758376,False
FischkornScope22March16_TAGCTT,35084,144833,97.0731,22.2545,35.7,58.7,235.14745308310995,npsg_og,Picked Colony,24.413,203.688,colony,24.413ºN 156.312ºW,NA,SUR,Picked Colony,2.3713402791997193,True
SRR7822620,35338,124446,83.4088,19.6401,36.6,58.3,236.84986595174266,South Pacific,Picked Colony,-22.0,170.0,colony,22ºS 170ºE,NA,SUR,Picked Colony,2.3744731432694435,True
SRR19658997,62,1246,0.835121,0.0469571,35.7,58.5,0.41554959785522794,North Atlantic,Picked Colony,12.8,303.0,colony,12.8ºN 57.0ºW,NA,SUR,Picked Colony,-0.3813771336383961,False
7_7_17_slick_S282,487903,149184,99.9893,463.72,39.2,58.6,3270.1273458445044,npsg_og,Picked Colony,24.97,201.55,colony,24.97ºN 158.45ºW,NA,SUR,Picked Colony,3.514564665357744,True
SRR19658993,1045,1053,0.705764,0.795214,35.7,58.9,7.00402144772118,South Atlantic,Picked Colony,-5.6,333.5,colony,5.6ºS 26.5ºW,NA,SUR,Picked Colony,0.8453474673104229,False
SRR26283904,0,0,0.0,0.0,0.0,0.0,0.01,Red Sea,Picked Colony,29.56,34.95,colony,29.56°N 34.95°E,NA,SUR,Picked Colony,-2.0,False
SRR7822621,81737,136915,91.7661,47.1032,36.6,58.6,547.8351206434317,South Pacific,Picked Colony,-19.21,164.69,colony,19.21ºS 164.69ºE,NA,SUR,Picked Colony,2.7386498705844673,True
SRR5134580,0,0,0.0,0.0,0.0,0.0,0.01,North Pacific,Picked Colony,22.45,202.0,colony,22.45°N 158°W,NA,SUR,Picked Colony,-2.0,False
SRR19658990,3,307,0.205764,0.00205764,33.6,60.0,0.020107238605898126,North Atlantic,Picked Colony,7.5,311.5,colony,7.5ºN 48.5ºW,NA,SUR,Picked Colony,-1.6966475684169875,False
SRR17940154,0,0,0.0,0.0,0.0,0.0,0.01,Red Sea,Picked Colony,29.56,34.95,colony,29.56°N 34.95°E,NA,SUR,Picked Colony,-2.0,False
SRR5134611,0,0,0.0,0.0,0.0,0.0,0.01,North Pacific,Picked Colony,22.45,202.0,colony,22.45°N 158°W,NA,SUR,Picked Colony,-2.0,False
SRR6490004,0,0,0.0,0.0,0.0,0.0,0.01,North Atlantic,Picked Colony,27.86,295.01,colony,27.86ºN 64.99ºW,NA,SUR,Picked Colony,-2.0,False
SRR17940156,0,0,0.0,0.0,0.0,0.0,0.01,Red Sea,Picked Colony,29.56,34.95,colony,29.56°N 34.95°E,NA,SUR,Picked Colony,-2.0,False
SRR19658998,47,2102,1.40885,0.0370912,35.7,59.4,0.3150134048257373,North Atlantic,Picked Colony,6.5,338.0,colony,6.5ºN 22.0ºW,NA,SUR,Picked Colony,-0.5016709652009325,False
SRR6490005,28,1126,0.754692,0.0157306,36.8,55.1,0.18766756032171583,North Atlantic,Picked Colony,11.86,300.56,colony,11.86ºN 59.44ºW,NA,SUR,Picked Colony,-0.7266107917944308,False
SRR19658989,8,498,0.33378,0.00652815,36.6,52.8,0.05361930294906166,North Atlantic,Picked Colony,7.5,311.5,colony,7.5ºN 48.5ºW,NA,SUR,Picked Colony,-1.2706788361447063,False
SRR6490006,0,0,0.0,0.0,0.0,0.0,0.01,North Atlantic,Picked Colony,9.9,301.51,colony,9.9ºN 58.49ºW,NA,SUR,Picked Colony,-2.0,False
SRR19658991,0,0,0.0,0.0,0.0,0.0,0.01,North Atlantic,Picked Colony,5.0,315.7,colony,5.0ºN 44.3ºW,NA,SUR,Picked Colony,-2.0,False
S281,115,9266,6.21046,0.105241,39.4,59.6,0.7707774798927615,North Pacific,Picked Colony,24.0,202.0,colony,24ºN 158ºW,NA,SUR,Picked Colony,-0.11307098278303826,False
