Metagenome,ERR,ERX
100DCM0CCKK11,"ERR599081,ERR599113","ERX555917,ERX555930"
100DCM1GGMM11,"ERR868424,ERR868465","ERX947967,ERX947975"
100DCM1GGZZ11,"ERR1726527,ERR1726609","ERX1796801,ERX1796844"
100DCM1QQSS11,ERR1726655,ERX1796736
100DCM1SSUU11,"ERR1726550,ERR1726623,ERR1726698","ERX1796610,ERX1796771,ERX1796911"
100SUR0CCKK11,"ERR599063,ERR599163,ERR599169","ERX555916,ERX556074,ERX556092"
100SUR1GGMM11,ERR868493,ERX947966
100SUR1GGZZ11,"ERR1726634,ERR1726656","ERX1796752,ERX1796869"
100SUR1MMQQ11,ERR1726865,ERX1796826
100SUR1QQSS11,"ERR1726588,ERR1726639,ERR1726755","ERX1796541,ERX1796573,ERX1796883"
100SUR1SSUU11,"ERR1726624,ERR1726909","ERX1796631,ERX1796952"
102DCM0CCKK11,"ERR598962,ERR599007,ERR599168","ERX556001,ERX556005,ERX556048"
102DCM1GGMM11,"ERR868422,ERR868440","ERX948043,ERX948049"
102DCM1GGZZ11,ERR1726842,ERX1796691
102DCM1MMQQ11,ERR1726742,ERX1796757
102DCM1QQSS11,ERR1726659,ERX1796886
102SUR0CCKK11,"ERR598943,ERR598978","ERX555954,ERX556029"
102SUR1GGMM11,ERR868357,ERX947991
102SUR1GGZZ11,ERR1726628,ERX1796580
102SUR1MMQQ11,ERR1726841,ERX1796646
102SUR1QQSS11,ERR1726709,ERX1796804
102SUR1SSUU11,ERR1726705,ERX1796929
106DCM1GGMM11,ERR868505,ERX948003
106DCM1GGZZ11,ERR4691713,ERX4612822
106DCM1MMQQ11,ERR1726828,ERX1796559
106DCM1QQSS11,ERR1726830,ERX1796957
106DCM1SSUU11,ERR1726566,ERX1796783
106SUR1GGMM11,ERR868502,ERX947951
106SUR1GGZZ11,ERR4691714,ERX4612823
106SUR1MMQQ11,ERR1726713,ERX1796909
106SUR1QQSS11,ERR1726525,ERX1796611
106SUR1SSUU11,ERR1726740,ERX1796847
109DCM01QQSS11,"ERR1726945,ERR1726964","ERX1796841,ERX1796884"
109DCM0CCKK11,"ERR598952,ERR599065,ERR599108","ERX556007,ERX556026,ERX556128"
109DCM1GGMM11,"ERR868450,ERR868472","ERX947952,ERX947965"
109DCM1GGZZ11,ERR1726760,ERX1796651
109DCM1MMQQ11,"ERR1726856,ERR1726904","ERX1796566,ERX1796956"
109DCM1QQSS11,"ERR1726563,ERR1726658","ERX1796779,ERX1796781"
109SUR0CCKK11,"ERR598997,ERR599118","ERX555963,ERX556086"
109SUR1GGMM11,"ERR868374,ERR868441","ERX948011,ERX948095"
109SUR1GGZZ11,"ERR1726807,ERR1726933,ERR1726955","ERX1796656,ERX1796928,ERX1796948"
109SUR1MMQQ11,"ERR1726792,ERR1726871","ERX1796620,ERX1796917"
109SUR1QQSS11,"ERR1726788,ERR1726801","ERX1796585,ERX1796743"
109SUR1SSUU11,"ERR1726766,ERR1726789","ERX1796906,ERX1796958"
10DCM1GGMM11,ERR4691734,ERX4612843
10DCM1QQSS11,ERR4691735,ERX4612844
10DCM1SSUU11,ERR4691736,ERX4612845
10SUR1GGMM11,ERR4691737,ERX4612846
10SUR1QQSS11,ERR4691738,ERX4612847
10SUR1SSUU11,ERR4691739,ERX4612848
110DCM0CCKK11,ERR599014,ERX555941
110DCM1GGMM11,"ERR868364,ERR868438","ERX947998,ERX948046"
110DCM1GGZZ11,ERR1726579,ERX1796750
110DCM1MMQQ11,"ERR1726668,ERR1726773","ERX1796574,ERX1796649"
110DCM1SSUU11,ERR1726604,ERX1796873
110SUR0CCKK11,ERR599039,ERX556137
110SUR1GGMM11,ERR868442,ERX947983
110SUR1GGZZ11,"ERR1726602,ERR1726907","ERX1796697,ERX1796813"
110SUR1MMQQ11,"ERR1726732,ERR1726890","ERX1796753,ERX1796770"
110SUR1QQSS11,ERR1726528,ERX1796511
110SUR1SSUU11,"ERR1726739,ERR1726775","ERX1796642,ERX1796910"
111DCM0CCKK11,ERR598961,ERX556060
111DCM1GGMM11,ERR868381,ERX947977
111DCM1GGZZ11,ERR1726584,ERX1796682
111DCM1MMQQ11,ERR1726771,ERX1796780
111DCM1QQSS11,ERR1726690,ERX1796575
111DCM1SSUU11,"ERR1726552,ERR1726882","ERX1796600,ERX1796819"
111SUR0CCKK11,ERR599077,ERX555933
111SUR1GGMM11,ERR868476,ERX948111
111SUR1GGZZ11,ERR1726567,ERX1796933
111SUR1MMQQ11,ERR1726708,ERX1796934
111SUR1SSUU11,ERR1726916,ERX1796628
111SUR2QQSS11,ERR1726670,ERX1796734
112DCM0CCKK11,ERR598957,ERX555966
112DCM1GGMM11,ERR868432,ERX948086
112DCM1QQSS11,ERR1726977,ERX1796955
112DCM1SSUU11,ERR1726778,ERX1796581
112SUR0CCKK11,ERR598954,ERX555919
112SUR1GGMM11,ERR868501,ERX947963
112SUR1MMQQ11,ERR1726535,ERX1796769
112SUR1QQSS11,ERR1726834,ERX1796857
112SUR1SSUU11,ERR1726694,ERX1796525
113SUR1GGMM11,ERR868405,ERX948065
113SUR1GGZZ11,ERR4691715,ERX4612824
113SUR1QQSS11,ERR1726615,ERX1796726
113SUR1SSUU11,ERR1726586,ERX1796821
114SUR1GGZZ11,ERR4691716,ERX4612825
114SUR1QQSS11,ERR1726605,ERX1796623
114SUR1SSUU11,ERR1726685,ERX1796810
115SUR1GGZZ11,ERR4691717,ERX4612826
115SUR1QQSS11,ERR1726592,ERX1796597
115SUR1SSUU11,ERR1726620,ERX1796568
116SUR1GGZZ11,ERR4691720,ERX4612829
116SUR1QQSS11,ERR1726857,ERX1796625
116SUR1SSUU11,"ERR1726664,ERR1726931","ERX1796579,ERX1796891"
117SUR1GGZZ11,ERR4691721,ERX4612830
117SUR1QQSS11,ERR1726785,ERX1796506
117SUR1SSUU11,ERR1726600,ERX1796694
118SUR1GGZZ11,ERR4691722,ERX4612831
118SUR1QQSS11,ERR1726544,ERX1796746
118SUR1SSUU11,ERR1726741,ERX1796794
119SUR1GGZZ11,ERR4691825,ERX4612934
119SUR1QQSS11,ERR4691823,ERX4612932
119SUR1SSUU11,ERR4691824,ERX4612933
11SUR01GGZZ11,ERR1726597,ERX1796565
11SUR1QQSS11,"ERR1726642,ERR1726791","ERX1796510,ERX1796593"
11SUR1SSUU11,"ERR1726879,ERR1726953","ERX1796686,ERX1796791"
120SUR1QQSS11,ERR4691793,ERX4612902
120SUR1SSUU11,ERR4691794,ERX4612903
120SUR2GGZZ11,"ERR4691863,ERR4691864","ERX4612972,ERX4612973"
121SUR1GGZZ11,ERR4691828,ERX4612937
121SUR1QQSS11,ERR4691826,ERX4612935
121SUR1SSUU11,ERR4691827,ERX4612936
122DCM0CCKK11,ERR598948,ERX555932
122DCM1GGMM11,"ERR868419,ERR868425","ERX947990,ERX948085"
122DCM1GGZZ11,"ERR4691711,ERR4691712","ERX4612820,ERX4612821"
122DCM1MMQQ11,"ERR1726717,ERR1726959","ERX1796522,ERX1796868"
122DCM1QQSS11,"ERR1726606,ERR1726700","ERX1796583,ERX1796885"
122DCM1SSUU11,"ERR1726826,ERR1726922","ERX1796837,ERX1796892"
122SUR0CCKK11,ERR598992,ERX555947
122SUR1GGMM11,"ERR868475,ERR868513","ERX948010,ERX948080"
122SUR1GGZZ11,"ERR1726556,ERR1726667","ERX1796638,ERX1796912"
122SUR1MMQQ11,"ERR1726688,ERR1726938","ERX1796690,ERX1796805"
122SUR1QQSS11,"ERR1726927,ERR1726932","ERX1796544,ERX1796854"
122SUR1SSUU11,"ERR1726883,ERR1726891","ERX1796700,ERX1796855"
123SUR0CCKK11,ERR599160,ERX556126
123SUR1GGMM11,"ERR868466,ERR868469","ERX948029,ERX948074"
123SUR1GGZZ11,"ERR1726762,ERR1726913","ERX1796627,ERX1796773"
123SUR1MMQQ11,"ERR1726522,ERR1726961","ERX1796605,ERX1796931"
123SUR1QQSS11,"ERR1726622,ERR1726721","ERX1796524,ERX1796866"
123SUR1SSUU11,"ERR1726561,ERR1726770","ERX1796596,ERX1796836"
124SUR0CCKK11,"ERR599036,ERR599069,ERR599080,ERR599151","ERX555929,ERX556057,ERX556076,ERX556117"
124SUR1CCKK11,ERR588857,ERX546861
124SUR1GGMM11,"ERR868363,ERR868489","ERX947973,ERX948088"
124SUR1GGZZ11,"ERR1726564,ERR1726569,ERR1726725","ERX1796586,ERX1796687,ERX1796703"
124SUR1KKQQ11,"ERR4691718,ERR4691719","ERX4612827,ERX4612828"
124SUR1MMQQ11,"ERR1726533,ERR1726571","ERX1796518,ERX1796662"
124SUR1QQSS11,"ERR1726601,ERR1726892","ERX1796678,ERX1796698"
124SUR1SSUU11,"ERR1726608,ERR1726657,ERR1726763","ERX1796645,ERX1796858,ERX1796924"
125SUR0CCKK11,"ERR599066,ERR599091,ERR599114,ERR599119","ERX555908,ERX555938,ERX555960,ERX556044"
125SUR1GGMM11,"ERR868352,ERR868382","ERX947994,ERX948064"
125SUR1GGZZ11,"ERR1726643,ERR1726714,ERR1726846","ERX1796632,ERX1796658,ERX1796818"
125SUR1MMQQ11,"ERR1726691,ERR1726822,ERR1726912","ERX1796732,ERX1796741,ERX1796921"
125SUR1QQSS11,"ERR1726666,ERR1726695,ERR1726903","ERX1796523,ERX1796689,ERX1796850"
125SUR1SSUU11,"ERR1726745,ERR1726765,ERR1726946","ERX1796607,ERX1796714,ERX1796738"
126SUR1GGMM11,ERR4691829,ERX4612938
126SUR1GGZZ11,ERR4691833,ERX4612942
126SUR1MMQQ11,ERR4691830,ERX4612939
126SUR1QQSS11,ERR4691831,ERX4612940
126SUR1SSUU11,ERR4691832,ERX4612941
127DCM1GGMM11,ERR4691801,ERX4612910
127DCM1GGZZ11,ERR4691805,ERX4612914
127DCM1MMQQ11,ERR4691802,ERX4612911
127DCM1QQSS11,ERR4691803,ERX4612912
127DCM1SSUU11,ERR4691804,ERX4612913
127SUR1GGMM11,"ERR4691795,ERR4691796","ERX4612904,ERX4612905"
127SUR1GGZZ11,ERR4691800,ERX4612909
127SUR1MMQQ11,ERR4691797,ERX4612906
127SUR1QQSS11,ERR4691798,ERX4612907
127SUR1SSUU11,ERR4691799,ERX4612908
128DCM0CCKK11,ERR599032,ERX556134
128DCM1GGMM11,ERR868458,ERX947960
128DCM1GGZZ11,ERR1726858,ERX1796874
128DCM1MMQQ11,ERR1726562,ERX1796595
128DCM1QQSS11,ERR1726727,ERX1796582
128DCM1SSUU11,ERR1726962,ERX1796877
128SUR0CCKK11,ERR599038,ERX555990
128SUR1GGMM11,ERR868462,ERX948063
128SUR1GGZZ11,ERR1726851,ERX1796563
128SUR1MMQQ11,ERR1726594,ERX1796859
128SUR1QQSS11,ERR1726577,ERX1796680
128SUR1SSUU11,ERR1726795,ERX1796617
129DCM1GGMM11,ERR868427,ERX948089
129DCM1GGZZ11,ERR4691806,ERX4612915
129DCM1MMQQ11,ERR1726637,ERX1796577
129DCM1QQSS11,ERR1726647,ERX1796845
129DCM1SSUU11,ERR1726539,ERX1796616
129SUR1GGMM11,ERR868347,ERX948062
129SUR1GGZZ11,ERR4691807,ERX4612916
129SUR1MMQQ11,ERR1726805,ERX1796717
129SUR1QQSS11,ERR1726894,ERX1796716
129SUR1SSUU11,ERR1726935,ERX1796515
12DCM1QQSS11,ERR4691761,ERX4612870
12SUR1QQSS11,ERR4691762,ERX4612871
130SUR1GGMM11,ERR868500,ERX948090
130SUR1GGZZ11,ERR4691841,ERX4612950
130SUR1QQSS11,ERR1726687,ERX1796720
130SUR1SSUU11,ERR1726797,ERX1796785
131DCM1GGMM11,"ERR868386,ERR868464","ERX947955,ERX948017"
131DCM1GGZZ11,"ERR1726724,ERR1726845","ERX1796521,ERX1796799"
131DCM1MMQQ11,ERR1726595,ERX1796536
131DCM1QQSS11,ERR1726767,ERX1796889
131DCM1SSUU11,ERR1726966,ERX1796904
131SUR1GGMM11,ERR868485,ERX948000
131SUR1GGZZ11,ERR1726914,ERX1796558
131SUR1MMQQ11,"ERR1726640,ERR1726924","ERX1796516,ERX1796584"
131SUR1QQSS11,ERR1726621,ERX1796601
131SUR1SSUU11,ERR1726823,ERX1796932
132DCM0CCKK11,ERR598995,ERX556017
132DCM1GGMM11,ERR868385,ERX948079
132DCM1GGZZ11,ERR1726570,ERX1796708
132DCM1MMQQ11,ERR1726837,ERX1796619
132DCM1QQSS11,ERR1726769,ERX1796852
132DCM1SSUU11,ERR1726818,ERX1796637
132SUR0CCKK11,ERR599142,ERX556094
132SUR1GGMM11,ERR868480,ERX948008
132SUR1GGZZ11,ERR1726816,ERX1796655
132SUR1MMQQ11,"ERR1726559,ERR1726849","ERX1796839,ERX1796867"
132SUR1QQSS11,"ERR1726580,ERR1726872","ERX1796793,ERX1796950"
132SUR1SSUU11,ERR1726782,ERX1796707
133DCM0CCKK11,ERR598942,ERX555907
133DCM1GGMM11,ERR4691816,ERX4612925
133DCM1GGZZ11,ERR4691817,ERX4612926
133DCM1MMQQ11,ERR4691813,ERX4612922
133DCM1QQSS11,ERR4691814,ERX4612923
133DCM1SSUU11,ERR4691815,ERX4612924
133SUR0CCKK11,ERR599052,ERX555967
133SUR1GGMM11,ERR4691821,ERX4612930
133SUR1GGZZ11,ERR4691822,ERX4612931
133SUR1MMQQ11,ERR4691818,ERX4612927
133SUR1QQSS11,ERR4691819,ERX4612928
133SUR1SSUU11,ERR4691820,ERX4612929
134SUR1GGMM11,ERR4691834,ERX4612943
134SUR1GGZZ11,ERR4691836,ERX4612945
134SUR1SSUU11,ERR4691835,ERX4612944
135DCM1GGMM11,ERR868346,ERX947948
135DCM1GGZZ11,ERR1726848,ERX1796576
135DCM1MMQQ11,ERR1726616,ERX1796907
135DCM1QQSS11,"ERR1726641,ERR1726680","ERX1796765,ERX1796927"
135DCM1SSUU11,ERR1726930,ERX1796875
135SUR1GGMM11,ERR868433,ERX947971
135SUR1GGZZ11,ERR1726884,ERX1796660
135SUR1MMQQ11,"ERR1726702,ERR1726888","ERX1796828,ERX1796897"
135SUR1QQSS11,ERR1726750,ERX1796803
135SUR1SSUU11,"ERR1726747,ERR1726923","ERX1796590,ERX1796851"
136SUR1GGMM11,ERR868378,ERX948060
136SUR1GGZZ11,ERR1726576,ERX1796735
136SUR1MMQQ11,ERR1726723,ERX1796778
136SUR1QQSS11,ERR1726873,ERX1796939
136SUR1SSUU11,ERR1726776,ERX1796945
137DCM0CCKK11,"ERR598987,ERR599070,ERR599099,ERR599147","ERX555920,ERX556097,ERX556104,ERX556115"
137DCM1GGMM11,ERR868492,ERX948106
137DCM1GGZZ11,ERR1726523,ERX1796551
137DCM1MMQQ11,ERR1726583,ERX1796681
137DCM1QQSS11,ERR1726954,ERX1796937
137DCM1SSUU11,ERR1726796,ERX1796556
137SUR0CCKK11,ERR598989,ERX556031
137SUR1GGMM11,ERR868477,ERX948035
137SUR1GGZZ11,ERR1726864,ERX1796594
137SUR1MMQQ11,ERR1726669,ERX1796760
137SUR1QQSS11,ERR1726692,ERX1796825
137SUR1SSUU11,ERR1726738,ERX1796887
138DCM0CCKK11,ERR599087,ERX555961
138DCM1GGMM11,ERR868398,ERX948084
138DCM1GGZZ11,ERR4691837,ERX4612946
138DCM1MMQQ11,ERR1726560,ERX1796938
138DCM1QQSS11,ERR1726874,ERX1796538
138DCM1SSUU11,ERR1726650,ERX1796930
138SUR0CCKK11,ERR599030,ERX556106
138SUR1GGMM11,ERR868390,ERX948056
138SUR1GGZZ11,ERR4691838,ERX4612947
138SUR1QQSS11,"ERR1726948,ERR1726967","ERX1796501,ERX1796653"
138SUR1SSUU11,ERR1726619,ERX1796759
139SUR1GGMM11,ERR868420,ERX948050
139SUR1GGZZ11,ERR1726730,ERX1796784
139SUR1MMQQ11,ERR1726886,ERX1796878
139SUR1QQSS11,ERR1726661,ERX1796860
139SUR2SSUU11,ERR1726536,ERX1796552
140SUR0CCKK11,ERR599162,ERX556121
140SUR1GGMM11,ERR4691842,ERX4612951
140SUR1GGZZ11,ERR4691846,ERX4612955
140SUR1MMQQ11,ERR4691843,ERX4612952
140SUR1QQSS11,ERR4691844,ERX4612953
140SUR1SSUU11,ERR4691845,ERX4612954
141SUR0CCKK11,ERR599029,ERX556062
141SUR1GGMM11,ERR4691847,ERX4612956
141SUR1GGZZ11,ERR4691850,ERX4612959
141SUR1QQSS11,ERR4691848,ERX4612957
141SUR1SSUU11,ERR4691849,ERX4612958
142DCM0CCKK11,ERR599100,ERX556103
142DCM1GGMM11,ERR868367,ERX948021
142DCM1QQSS11,ERR1726529,ERX1796754
142DCM1SSUU11,ERR1726957,ERX1796683
142SUR0CCKK11,ERR599136,ERX556028
142SUR1GGMM11,ERR868430,ERX948041
142SUR1GGZZ11,ERR1726676,ERX1796664
142SUR1QQSS11,ERR1726768,ERX1796505
142SUR1SSUU11,ERR1726944,ERX1796530
143DCM1GGMM11,ERR868509,ERX948073
143DCM1GGZZ11,ERR4691839,ERX4612948
143DCM1MMQQ11,ERR1726684,ERX1796704
143DCM1QQSS11,ERR1726893,ERX1796633
143DCM1SSUU11,ERR1726617,ERX1796661
143SUR1GGMM11,ERR868421,ERX948112
143SUR1GGZZ11,ERR4691840,ERX4612949
143SUR1QQSS11,ERR1726737,ERX1796519
143SUR1SSUU11,ERR1726638,ERX1796543
144SUR1GGZZ11,ERR1726835,ERX1796533
144SUR1QQSS11,ERR1726581,ERX1796609
144SUR1SSUU11,ERR1726654,ERX1796808
145SUR0CCKK11,ERR598983,ERX556101
145SUR1GGMM11,ERR868411,ERX948047
145SUR1GGZZ11,ERR1726693,ERX1796508
145SUR1MMQQ11,ERR1726547,ERX1796935
145SUR1QQSS11,ERR1726971,ERX1796918
145SUR1SSUU11,ERR1726885,ERX1796643
146SUR0CCKK11,ERR598968,ERX556059
146SUR1GGMM11,ERR868351,ERX947979
146SUR1GGZZ11,ERR4691851,ERX4612960
146SUR1MMQQ11,ERR1726548,ERX1796548
146SUR1QQSS11,ERR1726757,ERX1796916
146SUR1SSUU11,ERR1726764,ERX1796547
147SUR1GGMM11,ERR868366,ERX948012
147SUR1GGZZ11,ERR1726679,ERX1796895
147SUR1QQSS11,ERR1726720,ERX1796713
147SUR1SSUU11,"ERR1726831,ERR1726877","ERX1796549,ERX1796659"
147SUR2MMQQ11,ERR1726703,ERX1796723
148SUR0CCKK11,ERR599123,ERX555984
148SUR1GGMM11,ERR868395,ERX947999
148SUR1GGZZ11,ERR1726863,ERX1796711
148SUR1MMQQ11,ERR1726534,ERX1796542
148SUR1QQSS11,ERR1726625,ERX1796775
148SUR1SSUU11,ERR1726889,ERX1796772
149SUR0CCKK11,ERR598963,ERX556003
149SUR1GGMM11,ERR868392,ERX948093
149SUR1GGZZ11,ERR4691853,ERX4612962
149SUR1MMQQ11,ERR1726772,ERX1796567
149SUR1QQSS11,ERR1726867,ERX1796832
149SUR1SSUU11,ERR1726949,ERX1796902
14SUR1QQSS11,ERR1726870,ERX1796862
150DCM0CCKK11,ERR598996,ERX555927
150DCM1GGMM11,ERR868511,ERX948078
150DCM1GGZZ11,ERR4691854,ERX4612963
150DCM1MMQQ11,ERR1726551,ERX1796557
150DCM1QQSS11,ERR1726852,ERX1796863
150DCM1SSUU11,ERR1726783,ERX1796588
150SUR0CCKK11,ERR599170,ERX556037
150SUR1GGMM11,ERR868354,ERX948040
150SUR1GGZZ11,ERR1726817,ERX1796532
150SUR1MMQQ11,ERR1726973,ERX1796767
150SUR1QQSS11,ERR1726860,ERX1796612
150SUR1SSUU11,ERR1726859,ERX1796729
151DCM01QQSS11,ERR1726911,ERX1796502
151DCM01SSUU11,ERR1726824,ERX1796744
151DCM0CCKK11,ERR598986,ERX556040
151DCM1GGMM11,ERR868423,ERX947969
151DCM1GGZZ11,ERR1726596,ERX1796571
151SUR0CCKK11,ERR598976,ERX555957
151SUR1GGMM11,ERR868459,ERX948070
151SUR1GGZZ11,ERR1726589,ERX1796634
151SUR1MMQQ11,ERR1726847,ERX1796830
151SUR1QQSS11,ERR1726744,ERX1796896
151SUR1SSUU11,ERR1726712,ERX1796589
152SUR0CCKK11,ERR599078,ERX556054
152SUR1GGMM11,ERR868445,ERX948038
152SUR1GGZZ11,ERR1726980,ERX1796777
152SUR1MMQQ11,ERR1726861,ERX1796603
152SUR1QQSS11,ERR1726635,ERX1796684
152SUR1SSUU11,ERR1726553,ERX1796666
155DCM0CCKK11,ERR3589583,ERX3585470
155DCM1GGZZ11,ERR4691587,ERX4612698
155DCM1KKQQ11,ERR4691589,ERX4612700
155DCM1QQSS11,ERR4691593,ERX4612704
155DCM1SSUU11,ERR4691594,ERX4612705
155DCM2KKQQ11,ERR4691590,ERX4612701
155SUR0CCKK11,ERR3589591,ERX3585478
155SUR1GGZZ11,ERR4691588,ERX4612699
155SUR1KKQQ11,ERR4691591,ERX4612702
155SUR1SSUU11,ERR4691595,ERX4612706
155SUR2KKQQ11,ERR4691592,ERX4612703
155SUR2QQSS11,ERR4181794,ERX4145216
158DCM0CCKK11,ERR3589564,ERX3585451
158DCM1GGZZ11,ERR4691596,ERX4612707
158DCM1KKQQ11,ERR4691598,ERX4612709
158DCM1QQSS11,ERR4691600,ERX4612711
158DCM1SSUU11,ERR4691601,ERX4612712
158SUR0CCKK11,ERR3589592,ERX3585479
158SUR1GGZZ11,ERR4691597,ERX4612708
158SUR1KKQQ11,ERR4691599,ERX4612710
158SUR1SSUU11,ERR4691602,ERX4612713
158SUR2QQSS11,ERR4181793,ERX4145215
163SUR0CCKK11,ERR3589586,ERX3585473
163SUR1GGZZ11,ERR4691603,ERX4612714
163SUR1KKQQ11,ERR4691604,ERX4612715
163SUR1SSUU11,ERR4691605,ERX4612716
168DCM0CCKK11,ERR3589565,ERX3585452
168DCM1GGZZ11,ERR4691606,ERX4612717
168DCM1KKQQ11,ERR4691608,ERX4612719
168DCM1QQSS11,ERR4691610,ERX4612721
168DCM1SSUU11,ERR4691612,ERX4612723
168SUR0CCKK11,ERR3589588,ERX3585475
168SUR1GGZZ11,ERR4691607,ERX4612718
168SUR1KKQQ11,ERR4691609,ERX4612720
168SUR1QQSS11,ERR4691611,ERX4612722
168SUR1SSUU11,ERR4691613,ERX4612724
16DCM1GGMM11,ERR868482,ERX948039
16SUR2GGMM11,ERR868412,ERX948045
173DCM0CCKK11,ERR3589589,ERX3585476
173DCM1GGZZ11,ERR4691614,ERX4612725
173DCM1KKQQ11,ERR4691616,ERX4612727
173DCM1SSUU11,ERR4691619,ERX4612730
173SUR0CCKK11,ERR3589566,ERX3585453
173SUR1GGZZ11,ERR4691615,ERX4612726
173SUR1KKQQ11,ERR4691617,ERX4612728
173SUR1QQSS11,ERR4691618,ERX4612729
173SUR1SSUU11,ERR4691620,ERX4612731
175DCM1GGZZ11,ERR4691621,ERX4612732
175DCM1KKQQ11,ERR4691623,ERX4612734
175SUR0CCKK11,ERR3589577,ERX3585464
175SUR1GGZZ11,ERR4691622,ERX4612733
175SUR1KKQQ11,ERR4691624,ERX4612735
175SUR1QQSS11,ERR4691625,ERX4612736
175SUR1SSUU11,ERR4691626,ERX4612737
178SUR0CCKK11,ERR3589590,ERX3585477
178SUR1GGZZ11,ERR4691627,ERX4612738
178SUR1KKQQ11,ERR4691628,ERX4612739
178SUR1QQSS11,ERR4181788,ERX4145210
178SUR1SSUU11,ERR4691629,ERX4612740
17DCM1QQSS11,ERR4691740,ERX4612849
17SUR1QQSS11,ERR4691741,ERX4612850
180DCM1GGZZ11,ERR4691630,ERX4612741
180DCM1KKQQ11,ERR4691631,ERX4612742
180DCM1QQSS11,ERR4691634,ERX4612745
180DCM1SSUU11,ERR4691636,ERX4612747
180SUR0CCKK11,ERR3589568,ERX3585455
180SUR1GGZZ11,ERR4691632,ERX4612743
180SUR1KKQQ11,ERR4691633,ERX4612744
180SUR1QQSS11,ERR4691635,ERX4612746
180SUR1SSUU11,ERR4691637,ERX4612748
188DCM0CCKK11,ERR3589579,ERX3585466
188DCM1GGZZ11,ERR4691638,ERX4612749
188DCM1KKQQ11,ERR4691640,ERX4612751
188DCM1QQSS11,ERR4691642,ERX4612753
188DCM1SSUU11,ERR4691644,ERX4612755
188SUR0CCKK11,ERR3589554,ERX3585441
188SUR1GGZZ11,ERR4691639,ERX4612750
188SUR1KKQQ11,ERR4691641,ERX4612752
188SUR1QQSS11,ERR4691643,ERX4612754
188SUR1SSUU11,ERR4691645,ERX4612756
189DCM0CCKK11,ERR3589569,ERX3585456
189DCM1GGZZ11,ERR4691646,ERX4612757
189DCM1KKQQ11,ERR4691648,ERX4612759
189DCM1QQSS11,ERR4691650,ERX4612761
189DCM1SSUU11,ERR4691652,ERX4612763
189SUR0CCKK11,ERR3589555,ERX3585442
189SUR1GGZZ11,ERR4691647,ERX4612758
189SUR1KKQQ11,ERR4691649,ERX4612760
189SUR1QQSS11,ERR4691651,ERX4612762
189SUR1SSUU11,ERR4691653,ERX4612764
18DCM0CCII11,"ERR599073,ERR599092","ERX555962,ERX556039"
18DCM1GGMM11,ERR868488,ERX947964
18DCM1MMQQ11,ERR1726585,ERX1796888
18DCM1QQSS11,"ERR1726811,ERR1726965","ERX1796696,ERX1796903"
18DCM1SSUU11,ERR1726753,ERX1796553
18SUR0CCII11,"ERR598993,ERR599140","ERX555914,ERX556002"
18SUR1GGMM11,ERR868393,ERX948107
18SUR1MMQQ11,ERR1726555,ERX1796802
18SUR1QQSS11,ERR1726956,ERX1796639
18SUR1SSUU11,ERR1726748,ERX1796923
191SUR0CCKK11,ERR3589580,ERX3585467
191SUR1QQSS11,"ERR4691654,ERR4691655","ERX4612765,ERX4612766"
191SUR1SSUU11,ERR4691656,ERX4612767
191SUR2GGZZ11,ERR4691694,ERX4612805
191SUR2KKQQ11,ERR4691695,ERX4612806
193SUR0CCKK11,ERR3589581,ERX3585468
193SUR1GGZZ11,ERR4691657,ERX4612768
193SUR1KKQQ11,ERR4691658,ERX4612769
193SUR1QQSS11,ERR4691659,ERX4612770
193SUR1SSUU11,ERR4691660,ERX4612771
194DCM0CCKK11,ERR3589571,ERX3585458
194DCM1GGZZ11,ERR4691661,ERX4612772
194DCM1KKQQ11,ERR4691663,ERX4612774
194DCM1QQSS11,ERR4691665,ERX4612776
194DCM1SSUU11,ERR4691666,ERX4612777
194SUR0CCKK11,ERR3589556,ERX3585443
194SUR1GGZZ11,ERR4691662,ERX4612773
194SUR1KKQQ11,ERR4691664,ERX4612775
194SUR1SSUU11,ERR4691667,ERX4612778
194SUR2QQSS11,ERR4691696,ERX4612807
196SUR0CCKK11,ERR3589557,ERX3585444
196SUR1GGZZ11,ERR4691668,ERX4612779
196SUR1KKQQ11,"ERR4691669,ERR4691670","ERX4612780,ERX4612781"
196SUR1QQSS11,ERR4691671,ERX4612782
196SUR1SSUU11,ERR4691672,ERX4612783
19SUR1GGMM11,ERR4691744,ERX4612853
19SUR1MMQQ11,ERR4691745,ERX4612854
19SUR1QQSS11,ERR4691746,ERX4612855
19SUR1SSUU11,ERR4691747,ERX4612856
201DCM0CCKK11,ERR3589572,ERX3585459
201DCM1GGZZ11,ERR4691673,ERX4612784
201DCM1KKQQ11,ERR4691675,ERX4612786
201DCM1QQSS11,ERR4691677,ERX4612788
201DCM1SSUU11,ERR4691679,ERX4612790
201SUR0CCKK11,ERR3589558,ERX3585445
201SUR1GGZZ11,ERR4691674,ERX4612785
201SUR1KKQQ11,ERR4691676,ERX4612787
201SUR1QQSS11,ERR4691678,ERX4612789
201SUR1SSUU11,ERR4691680,ERX4612791
205SUR0CCKK11,ERR3589559,ERX3585446
205SUR1GGZZ11,ERR4691681,ERX4612792
205SUR1KKQQ11,ERR4691682,ERX4612793
205SUR1QQSS11,ERR4691683,ERX4612794
205SUR1SSUU11,ERR4691684,ERX4612795
206SUR0CCKK11,ERR3589561,ERX3585448
206SUR1GGZZ11,ERR4691685,ERX4612796
206SUR1KKQQ11,ERR4691686,ERX4612797
206SUR1QQSS11,ERR4181789,ERX4145211
206SUR1SSUU11,ERR4691687,ERX4612798
208SUR0CCKK11,ERR3589575,ERX3585462
208SUR1GGZZ11,ERR4691688,ERX4612799
208SUR1KKQQ11,ERR4691689,ERX4612800
208SUR1QQSS11,ERR4181790,ERX4145212
208SUR2SSUU11,ERR4691697,ERX4612808
209SUR0CCKK11,ERR3589576,ERX3585463
209SUR1GGZZ11,ERR4691690,ERX4612801
209SUR1KKQQ11,ERR4691691,ERX4612802
209SUR1QQSS11,ERR4181791,ERX4145213
209SUR2SSUU11,ERR4691698,ERX4612809
20SUR2GGMM11,ERR868504,ERX948015
20SUR2QQSS11,ERR1726660,ERX1796792
20SUR2SSUU11,ERR1726786,ERX1796774
210SUR0CCKK11,ERR3589582,ERX3585469
210SUR1GGZZ11,ERR4691692,ERX4612803
210SUR1KKQQ11,ERR4691693,ERX4612804
210SUR1QQSS11,ERR4181792,ERX4145214
21SUR1GGMM11,ERR4691748,ERX4612857
21SUR1QQSS11,ERR4691749,ERX4612858
21SUR1SSUU11,ERR4691750,ERX4612859
210SUR2SSUU11,ERR4691699,ERX4612810
22DCM01SSUU11,ERR1726718,ERX1796926
22DCM1GGMM11,ERR868496,ERX948027
22DCM1MMQQ11,ERR1726715,ERX1796880
22DCM1QQSS11,"ERR1726743,ERR1726836","ERX1796843,ERX1796882"
22SUR02SSUU11,"ERR1726802,ERR1726810","ERX1796670,ERX1796833"
22SUR1GGMM11,ERR868403,ERX948113
22SUR1MMQQ11,"ERR1726540,ERR1726929","ERX1796569,ERX1796871"
22SUR1QQSS11,"ERR1726546,ERR1726613","ERX1796608,ERX1796953"
23DCM0CCII11,"ERR164408,ERR315859,ERR315860","ERX140285,ERX289006,ERX289008"
23DCM1GGMM11,"ERR318603,ERR318605,ERR538175","ERX291734,ERX291735,ERX503387"
23DCM1MMQQ11,"ERR318613,ERR538172","ERX291743,ERX503384"
23DCM1QQSS11,"ERR318593,ERR318595,ERR538177","ERX291732,ERX291765,ERX503382"
23DCM1SSUU11,"ERR318598,ERR318615,ERR538174","ERX291748,ERX291755,ERX503374"
23SUR0CCII11,"ERX289009,ERX289007","ERR315861,ERR315858"
23SUR1GGMM11,"ERR318582,ERR538173","ERX291760,ERX503388"
23SUR1MMQQ11,"ERR318601,ERR538184","ERX291761,ERX503376"
23SUR1QQSS11,"ERR318583,ERR318594,ERR538171","ERX291738,ERX291750,ERX503381"
23SUR1SSUU11,"ERR318600,ERR538185","ERX291731,ERX503383"
24SUR1QQSS11,ERR1726675,ERX1796942
24SUR1SSUU11,ERR1726759,ERX1796592
25DCM0CCII11,"ERR599094,ERR599153","ERX556032,ERX556124"
25DCM1GGMM11,ERR868418,ERX948068
25DCM1QQSS11,ERR1726855,ERX1796606
25DCM1SSUU11,"ERR1726618,ERR1726672","ERX1796807,ERX1796823"
25SUR0CCII11,"ERR598951,ERR599043","ERX555952,ERX556082"
25SUR1GGMM11,ERR868356,ERX948024
25SUR1MMQQ11,ERR1726722,ERX1796800
25SUR1QQSS11,ERR1726976,ERX1796626
25SUR1SSUU11,ERR1726787,ERX1796648
26SUR1QQSS11,ERR1726673,ERX1796795
26SUR1SSUU11,ERR1726574,ERX1796503
30DCM0CCII11,"ERR318618,ERR318619,ERR318620,ERR318621","ERX291766,ERX291767,ERX291768,ERX291769"
30DCM1GGMM11,"ERR318586,ERR318590,ERR318597,ERR318599,ERR538179","ERX291740,ERX291752,ERX291758,ERX291764,ERX503386"
30DCM1MMQQ11,"ERR318584,ERR318611,ERR538188","ERX291757,ERX291759,ERX503377"
30DCM1QQSS11,"ERR318588,ERR318591,ERR318592,ERR318606,ERR318612,ERR318617","ERX291733,ERX291736,ERX291742,ERX291753,ERX291754,ERX291756"
30SUR0CCII11,"ERR164407,ERR315862,ERR315863","ERX140284,ERX289010,ERX289011"
30SUR1GGMM11,"ERR318604,ERR318607,ERR538186","ERX291744,ERX291751,ERX503392"
30SUR1MMQQ11,"ERR318589,ERR318602,ERR538178","ERX291737,ERX291745,ERX503390"
30SUR1QQSS11,"ERR318585,ERR318616,ERR538189","ERX291730,ERX291747,ERX503389"
30SUR1SSUU11,"ERR318587,ERR318596,ERR318608,ERR318609,ERR318610,ERR318614","ERX291739,ERX291741,ERX291746,ERX291749,ERX291762,ERX291763"
31SUR1CCII11,"ERR598969,ERR599106","ERX555912,ERX556018"
31SUR1QQSS11,"ERR1726751,ERR1726942","ERX1796578,ERX1796925"
31SUR1SSUU11,ERR1726752,ERX1796834
32DCM0CCII11,"ERR599061,ERR599097","ERX555931,ERX556055"
32DCM1GGMM11,ERR868348,ERX948114
32DCM1QQSS11,"ERR1726568,ERR1726610","ERX1796641,ERX1796936"
32DCM1SSUU11,"ERR1726537,ERR1726905","ERX1796537,ERX1796587"
32SUR0CCII11,"ERR599041,ERR599116,ERR599155","ERX556022,ERX556066,ERX556080"
32SUR1GGMM11,ERR868460,ERX947985
32SUR1QQSS11,ERR1726838,ERX1796676
32SUR1SSUU11,ERR1726917,ERX1796766
33SUR0CCII11,"ERR599049,ERR599134","ERX555946,ERX556035"
33SUR1QQSS11,"ERR1726902,ERR1726918","ERX1796622,ERX1796815"
33SUR1SSUU11,"ERR1726711,ERR1726926","ERX1796706,ERX1796724"
34DCM0CCII11,"ERR598975,ERR599111","ERX555956,ERX556025"
34DCM1GGMM11,ERR868439,ERX948071
34DCM1MMQQ11,ERR1726910,ERX1796614
34DCM1QQSS11,ERR1726960,ERX1796740
34DCM1SSUU11,ERR1726578,ERX1796898
34SUR0CCII11,"ERR598959,ERR598991","ERX555909,ERX555978"
34SUR1QQSS11,ERR1726777,ERX1796811
34SUR2SSUU11,ERR1726840,ERX1796554
36DCM0CCII11,"ERR598974,ERR599028","ERX556019,ERX556135"
36DCM1GGMM11,"ERR868400,ERR868487","ERX947989,ERX948072"
36DCM1QQSS11,ERR1726554,ERX1796831
36DCM1SSUU11,"ERR1726843,ERR1726920","ERX1796555,ERX1796890"
36SUR0CCII11,"ERR598966,ERR599143","ERX555943,ERX556073"
36SUR1GGMM11,"ERR868406,ERR868428","ERX948030,ERX948061"
36SUR1QQSS11,ERR1726951,ERX1796865
36SUR1SSUU11,"ERR1726794,ERR1726809","ERX1796560,ERX1796787"
38DCM0CCII11,"ERR598949,ERR599082","ERX556034,ERX556061"
38DCM0GGMM11,ERR868414,ERX947947
38DCM0QQSS11,ERR1726736,ERX1796790
38DCM0SSUU11,ERR1726868,ERX1796922
38SUR0CCII11,"ERR599102,ERR599158","ERX556006,ERX556116"
38SUR0GGMM11,"ERR868498,ERR868503","ERX948026,ERX948057"
39DCM1GGMM11,ERR868454,ERX948098
39DCM1QQSS11,ERR1726915,ERX1796677
39DCM1SSUU11,"ERR1726526,ERR1726686","ERX1796848,ERX1796947"
39SUR1GGMM11,"ERR868397,ERR868408","ERX947950,ERX948052"
39SUR1QQSS11,"ERR1726587,ERR1726979","ERX1796604,ERX1796901"
41DCM0CCII11,"ERR598977,ERR599053","ERX555976,ERX556125"
41DCM1GGMM11,ERR868409,ERX947958
41DCM1QQSS11,"ERR1726754,ERR1726925","ERX1796599,ERX1796742"
41DCM1SSUU11,"ERR1726746,ERR1726804","ERX1796672,ERX1796951"
41SUR0CCII11,"ERR599011,ERR599074","ERX555906,ERX555983"
41SUR1GGMM11,ERR868486,ERX948087
41SUR1QQSS11,ERR1726844,ERX1796915
41SUR1SSUU11,"ERR1726652,ERR1726820","ERX1796768,ERX1796820"
42DCM0CCII11,"ERR599013,ERR599130","ERX556098,ERX556136"
42DCM1GGMM11,"ERR1726633,ERR868383","ERX1796640,ERX948002"
42DCM1QQSS11,ERR1726832,ERX1796701
42DCM1SSUU11,ERR1726696,ERX1796534
42SUR0CCII11,"ERR599075,ERR599141","ERX556052,ERX556118"
42SUR1GGMM11,ERR868396,ERX948102
42SUR1QQSS11,ERR1726599,ERX1796913
42SUR1SSUU11,ERR1726934,ERX1796899
43SUR1GGMM11,ERR868508,ERX947995
43SUR1MMQQ11,ERR1726575,ERX1796602
43SUR1QQSS11,ERR1726644,ERX1796806
43SUR1SSUU11,"ERR1726538,ERR1726814","ERX1796504,ERX1796621"
45SUR0CCII11,"ERR599045,ERR599054","ERX556105,ERX556132"
45SUR1GGMM11,ERR868507,ERX948006
45SUR1MMQQ11,ERR1726974,ERX1796635
45SUR1QQSS11,ERR1726646,ERX1796673
45SUR1SSUU11,ERR1726734,ERX1796514
46SUR1GGMM11,ERR868478,ERX948036
46SUR1MMQQ11,ERR1726784,ERX1796731
46SUR1QQSS11,ERR1726729,ERX1796650
46SUR1SSUU11,ERR1726614,ERX1796944
47DCM01GGZZ11,ERR1726897,ERX1796540
47SUR1QQSS11,ERR1726611,ERX1796789
47SUR1SSUU11,ERR1726531,ERX1796827
48SUR0CCII11,"ERR599019,ERR599138","ERX556056,ERX556122"
49SUR1QQSS11,ERR4691704,ERX4612813
49SUR1SSUU11,ERR4691705,ERX4612814
4DCM0CCII11,"ERR598950,ERR599095","ERX555913,ERX556067"
4DCM1GGMM11,"ERR868435,ERR868437,ERR868510","ERX947959,ERX948025,ERX948051"
4SUR1CCII11,"ERR598955,ERR599003","ERX555964,ERX556024"
4SUR1GGMM11,ERR868369,ERX948032
4SUR1MMQQ11,ERR1726542,ERX1796512
4SUR1SSUU11,ERR1726827,ERX1796900
50DCM01MMQQ11,ERR4691710,ERX4612819
50DCM1GGMM11,ERR4691707,ERX4612816
50DCM2SSUU11,ERR4691709,ERX4612818
50SUR1QQSS11,ERR4691708,ERX4612817
50SUR2GGMM11,ERR4691706,ERX4612815
51DCM01QQRR11,ERR1726671,ERX1796693
51DCM1GGMM11,ERR868370,ERX947993
51DCM1SSUU11,ERR1726813,ERX1796776
51DCM2MMQQ11,ERR1726665,ERX1796591
51SUR1GGMM11,ERR868391,ERX948075
51SUR1MMQQ11,ERR1726854,ERX1796527
51SUR1QQSS11,ERR1726726,ERX1796749
51SUR1SSUU11,ERR1726651,ERX1796762
51SUR2MMQQ11,ERR1726921,ERX1796881
51SUR3MMQQ11,ERR1726697,ERX1796879
52DCM0CCII11,"ERR599002,ERR599016","ERX555923,ERX556063"
52DCM0GGMM11,ERR599328,ERX556262
52DCM0QQSS11,ERR599296,ERX556274
52DCM0SSUU11,ERR599249,ERX556228
52SUR0CCII11,"ERR599098,ERR599139","ERX555985,ERX556014"
52SUR0GGMM11,ERR599280,ERX556251
52SUR0QQSS11,"ERR1726808,ERR599314","ERX1796876,ERX556236"
52SUR0SSUU11,"ERR1726978,ERR599294","ERX1796814,ERX556214"
53SUR1GGMM11,ERR4691751,ERX4612860
53SUR1MMQQ11,ERR4691752,ERX4612861
53SUR1QQSS11,ERR4691753,ERX4612862
53SUR1SSUU11,ERR4691754,ERX4612863
54SUR1GGMM11,ERR4691755,ERX4612864
54SUR1QQSS11,ERR4691756,ERX4612865
54SUR1SSUU11,ERR4691757,ERX4612866
54SUR2MMQQ11,ERR4691852,ERX4612961
56SUR0CCKK11,ERR599057,ERX555971
57SUR0CCKK11,ERR599058,ERX555945
57SUR1GGMM11,ERR4691763,ERX4612872
57SUR1QQSS11,ERR4691764,ERX4612873
58DCM0CCKK11,ERR599026,ERX556068
58DCM1GGMM11,ERR868350,ERX948034
58DCM1QQSS11,ERR1726590,ERX1796570
58DCM1SSUU11,ERR1726798,ERX1796949
58SUR1GGMM11,ERR868452,ERX948031
58SUR1MMQQ11,ERR1726677,ERX1796725
58SUR1QQSS11,ERR1726728,ERX1796730
58SUR1SSUU11,ERR1726674,ERX1796528
5DCM1GGMM11,ERR868373,ERX947972
5DCM1SSUU11,ERR1726936,ERX1796710
5SUR1GGMM11,ERR868497,ERX947980
5SUR1SSUU11,ERR4691726,ERX4612835
62SUR0CCKK11,ERR599012,ERX556129
62SUR1GGMM11,ERR4691758,ERX4612867
62SUR1QQSS11,ERR4691759,ERX4612868
62SUR1SSUU11,ERR4691760,ERX4612869
64DCM0CCKK11,"ERR598972,ERR599023,ERR599025","ERX555948,ERX556087,ERX556119"
64DCM1GGMM11,ERR599324,ERX556271
64DCM1QQSS11,ERR599299,ERX556252
64DCM1SSUU11,ERR599244,ERX556282
64SUR0CCKK11,"ERR598970,ERR599088,ERR599150","ERX556012,ERX556096,ERX556127"
64SUR1GGMM11,ERR599266,ERX556205
64SUR1QQSS11,ERR599321,ERX556212
64SUR1SSUU11,"ERR1726649,ERR599247","ERX1796663,ERX556272"
64SUR2MMQQ11,ERR599282,ERX556270
65DCM0CCKK11,"ERR598990,ERR599018,ERR599110","ERX555996,ERX556023,ERX556072"
65DCM1GGMM11,ERR599323,ERX556244
65SUR0CCKK11,"ERR598979,ERR599146","ERX555970,ERX556091"
65SUR1QQSS11,"ERR1726800,ERR599320","ERX1796920,ERX556276"
65SUR1SSUU11,ERR599312,ERX556258
66DCM0CCKK11,"ERR598982,ERR599107","ERX556046,ERX556113"
66DCM1GGMM11,"ERR1726701,ERR1726704,ERR1726793,ERR1726829,ERR1726833,ERR1726866,ERR1726875,ERR1726898,ERR599233,ERR599235,ERR599242,ERR599251,ERR599252,ERR599271,ERR599272,ERR599273,ERR599274,ERR599285,ERR599289,ERR599300,ERR599308,ERR599315,ERR599316,ERR599318,ERR599327,ERR599334","ERX1796572,ERX1796618,ERX1796675,ERX1796745,ERX1796838,ERX1796842,ERX1796893,ERX1796894,ERX556196,ERX556199,ERX556210,ERX556213,ERX556220,ERX556224,ERX556235,ERX556237,ERX556243,ERX556246,ERX556261,ERX556263,ERX556268,ERX556278,ERX556281,ERX556284,ERX556289,ERX556298"
66SUR0CCKK11,"ERR598973,ERR599068,ERR599173","ERX555958,ERX556004,ERX556107"
66SUR1GGMM11,ERR599261,ERX556232
66SUR1QQSS11,"ERR1726663,ERR599301","ERX1796613,ERX556202"
66SUR1SSUU11,"ERR1726689,ERR599277","ERX1796941,ERX556238"
67SUR0CCKK11,"ERR598994,ERR599144","ERX556084,ERX556109"
67SUR1GGMM11,ERR599302,ERX556283
67SUR1GGZZ11,ERR599238,ERX556241
67SUR1MMQQ11,ERR599295,ERX556273
67SUR1QQSS11,ERR599269,ERX556292
67SUR1SSUU11,ERR599255,ERX556229
68DCM0CCKK11,"ERR599017,ERR599056,ERR599103","ERX555939,ERX556038,ERX556041"
68DCM1GGMM11,ERR599284,ERX556201
68DCM1GGZZ11,ERR599236,ERX556230
68DCM1QQSS11,ERR4691866,ERX4612975
68DCM1SSUU11,"ERR1726630,ERR599259","ERX1796715,ERX556287"
68SUR0CCKK11,"ERR599129,ERR599171,ERR599174","ERX555975,ERX555986,ERX556071"
68SUR1GGMM11,ERR599257,ERX556286
68SUR1GGZZ11,ERR599297,ERX556231
68SUR1QQSS11,ERR599304,ERX556227
68SUR1SSUU11,ERR599243,ERX556267
6DCM2GGMM11,ERR868448,ERX948069
6DCM2SSUU11,ERR1726887,ERX1796647
6SUR1GGMM11,ERR868389,ERX948076
6SUR2GGMM11,ERR868431,ERX948016
6SUR2MMQQ11,ERR4691723,ERX4612832
6SUR2SSUU11,ERR1726612,ERX1796564
70SUR0CCKK11,"ERR599135,ERR599165","ERX555918,ERX556111"
70SUR1GGMM11,ERR599305,ERX556225
70SUR1GGZZ11,ERR599331,ERX556211
70SUR1MMQQ11,"ERR1726969,ERR599241","ERX1796919,ERX556247"
70SUR1QQSS11,"ERR1726899,ERR599258","ERX1796914,ERX556294"
70SUR1SSUU11,ERR599313,ERX556206
71SUR1GGMM11,ERR4691766,ERX4612875
71SUR1GGZZ11,ERR4691765,ERX4612874
71SUR1MMQQ11,ERR4691767,ERX4612876
71SUR1QQSS11,ERR4691768,ERX4612877
71SUR1SSUU11,ERR4691769,ERX4612878
72DCM0CCKK11,"ERR599133,ERR599137","ERX555987,ERX556079"
72DCM0GGMM11,ERR599307,ERX556242
72DCM0GGZZ11,ERR599290,ERX556197
72DCM0MMQQ11,ERR599317,ERX556219
72DCM0QQSS11,ERR599292,ERX556254
72DCM0SSUU11,ERR599287,ERX556277
72SUR0CCKK11,"ERR598984,ERR599105","ERX555934,ERX556009"
72SUR0GGMM11,"ERR1726975,ERR599276","ERX1796624,ERX556296"
72SUR0GGZZ11,ERR599267,ERX556240
72SUR0QQSS11,ERR599256,ERX556280
72SUR0SSUU11,ERR599286,ERX556195
76DCM0CCKK11,"ERR599040,ERR599148","ERX555940,ERX555959"
76DCM1GGMM11,"ERR1726682,ERR599330","ERX1796849,ERX556295"
76DCM1GGZZ11,ERR599275,ERX556288
76DCM1MMQQ11,"ERR1726780,ERR599329","ERX1796756,ERX556245"
76DCM1QQSS11,"ERR1726607,ERR1726950,ERR599333","ERX1796733,ERX1796798,ERX556257"
76DCM1SSUU11,"ERR1726565,ERR599303","ERX1796755,ERX556248"
76SUR0CCKK11,"ERR599010,ERR599126","ERX555995,ERX555999"
76SUR1GGMM11,"ERR1726699,ERR599309","ERX1796546,ERX556208"
76SUR1GGZZ11,"ERR1740326,ERR599253","ERX1809866,ERX556255"
76SUR1MMQQ11,"ERR1726626,ERR599332","ERX1796674,ERX556239"
76SUR1QQSS11,"ERR1726731,ERR1726937,ERR599326","ERX1796695,ERX1796761,ERX556223"
76SUR1SSUU11,"ERR1726678,ERR599336","ERX1796786,ERX556259"
78DCM0CCKK11,"ERR599046,ERR599101","ERX556075,ERX556085"
78DCM1GGMM11,ERR599322,ERX556250
78DCM1GGZZ11,"ERR1740324,ERR599240","ERX1809867,ERX556233"
78DCM1QQSS11,ERR599262,ERX556200
78DCM1SSUU11,"ERR1726825,ERR599265","ERX1796872,ERX556293"
78SUR0CCKK11,"ERR599006,ERR599022","ERX555968,ERX556088"
78SUR1GGMM11,ERR599311,ERX556285
78SUR1GGZZ11,ERR599237,ERX556216
78SUR1MMQQ11,ERR599250,ERX556203
78SUR1QQSS11,ERR599263,ERX556226
78SUR1SSUU11,ERR599245,ERX556209
7DCM0CCII11,"ERR164410,ERR164422,ERR315856","ERX140289,ERX140301,ERX289004"
7DCM1GGMM11,"ERR315674,ERR315688,ERR315803,ERR315811,ERR538182","ERX288834,ERX288840,ERX288951,ERX288968,ERX503385"
7DCM1MMQQ11,"ERR538181,ERR538187","ERX503378,ERX503391"
7DCM1QQSS11,"ERR315679,ERR315683,ERR315692,ERR315809,ERR538176","ERX288829,ERX288830,ERX288831,ERX288952,ERX503379"
7DCM1SSUU11,"ERR315689,ERR315690,ERR315694,ERR315807,ERR315810,ERR315813,ERR315819,ERR315826","ERX288824,ERX288825,ERX288828,ERX288948,ERX288953,ERX288955,ERX288960,ERX288972"
7SUR0CCII11,"ERR164416,ERR164421,ERR315857","ERX140291,ERX140294,ERX289005"
7SUR1GGMM11,"ERR315676,ERR315677,ERR315686,ERR315798,ERR315800,ERR315801,ERR315802,ERR315805,ERR315812,ERR315814,ERR315815,ERR315817,ERR315820,ERR315821,ERR315822,ERR315824,ERR315825","ERX288826,ERX288836,ERX288841,ERX288947,ERX288949,ERX288950,ERX288954,ERX288956,ERX288958,ERX288959,ERX288962,ERX288964,ERX288965,ERX288966,ERX288969,ERX288973,ERX288975"
7SUR1QQSS11,"ERR315673,ERR315675,ERR315680,ERR315681,ERR315682,ERR315684,ERR315685,ERR315693,ERR315827,ERR538183","ERX288821,ERX288822,ERX288827,ERX288833,ERX288837,ERX288838,ERX288839,ERX288843,ERX288967,ERX503375"
7SUR1SSUU11,"ERR315678,ERR315691,ERR315823,ERR538180","ERX288823,ERX288842,ERX288961,ERX503380"
80DCM1GGMM11,ERR868483,ERX948097
80DCM1MMQQ11,ERR1726906,ERX1796864
80DCM1QQSS11,ERR1726758,ERX1796529
80DCM1SSUU11,ERR1726648,ERX1796517
80SUR0GGZZ11,ERR1726733,ERX1796721
80SUR1GGMM11,ERR868387,ERX948055
80SUR1QQSS11,ERR1726636,ERX1796705
80SUR1SSUU11,ERR1726819,ERX1796669
81DCM01SSUU11,ERR1726573,ERX1796817
81DCM1GGMM11,ERR868461,ERX948082
81DCM1MMQQ11,ERR1726530,ERX1796509
81DCM1QQSS11,ERR1726706,ERX1796940
81SUR01SSUU11,ERR1726958,ERX1796657
81SUR1GGMM11,ERR868372,ERX947996
81SUR1MMQQ11,ERR1726881,ERX1796943
81SUR1QQSS11,ERR1726853,ERX1796688
82DCM0CCKK11,"ERR599027,ERR599122","ERX555915,ERX555998"
82DCM0GGZZ11,ERR599319,ERX556207
82DCM0SSUU11,ERR599279,ERX556215
82SUR0CCKK11,"ERR599009,ERR599035","ERX555925,ERX556030"
82SUR0GGMM11,ERR599298,ERX556275
82SUR0GGZZ11,ERR599293,ERX556221
82SUR0QQSS11,ERR599306,ERX556249
82SUR0SSUU11,ERR599234,ERX556269
83SUR01QQRR11,ERR4691865,ERX4612974
83SUR0SSUU11,ERR1726928,ERX1796630
83SUR1GGMM11,ERR868388,ERX948099
83SUR1GGZZ11,ERR1726572,ERX1796835
84SUR0CCKK11,"ERR598945,ERR599059","ERX555982,ERX556058"
84SUR0GGMM11,ERR599254,ERX556264
84SUR0GGZZ11,"ERR1740325,ERR599270","ERX1809868,ERX556218"
84SUR0QQSS11,ERR599283,ERX556279
84SUR0SSUU11,ERR599291,ERX556260
85DCM0CCKK11,"ERR599104,ERR599121","ERX555997,ERX556064"
85DCM0GGMM11,ERR599325,ERX556253
85DCM0GGZZ11,ERR599239,ERX556266
85DCM0SSUU11,ERR599310,ERX556222
85DCM1QQSS11,ERR599288,ERX556198
85SUR0CCKK11,"ERR599090,ERR599176","ERX556110,ERX556133"
85SUR0GGMM11,ERR599335,ERX556265
85SUR0GGZZ11,ERR599281,ERX556204
85SUR1QQSS11,ERR599264,ERX556256
86DCM1GGMM11,ERR868361,ERX948019
86DCM1GGZZ11,ERR4691779,ERX4612888
86DCM1SSUU11,ERR1726812,ERX1796728
86SUR1GGMM11,ERR868376,ERX947984
86SUR1GGZZ11,ERR4691780,ERX4612889
86SUR1MMQQ11,"ERR1726939,ERR1726968","ERX1796561,ERX1796758"
86SUR1QQSS11,"ERR1726781,ERR1726901","ERX1796644,ERX1796788"
86SUR1SSUU11,ERR1726683,ERX1796946
87SUR01QQRR11,ERR4691778,ERX4612887
87SUR1GGMM11,ERR4691776,ERX4612885
87SUR1GGZZ11,ERR4691773,ERX4612882
87SUR1MMQQ11,ERR4691777,ERX4612886
87SUR1SSUU11,"ERR4691774,ERR4691775","ERX4612883,ERX4612884"
88SUR1GGMM11,ERR4691782,ERX4612891
88SUR1GGZZ11,ERR4691781,ERX4612890
88SUR1QQSS11,ERR4691783,ERX4612892
88SUR1SSUU11,ERR4691784,ERX4612893
89SUR1GGMM11,ERR868394,ERX948067
89SUR1GGZZ11,ERR4691785,ERX4612894
89SUR1QQSS11,ERR1726799,ERX1796954
89SUR1SSUU11,ERR1726774,ERX1796816
8DCM1GGMM11,ERR4691727,ERX4612836
8DCM1QQSS11,ERR4691728,ERX4612837
8DCM1SSUU11,ERR4691729,ERX4612838
8SUR1GGMM11,ERR4691730,ERX4612839
8SUR1MMQQ11,ERR4691731,ERX4612840
8SUR1QQSS11,ERR4691732,ERX4612841
8SUR1SSUU11,ERR4691733,ERX4612842
90SUR1GGMM11,"ERR4691855,ERR4691856","ERX4612964,ERX4612965"
90SUR1MMQQ11,"ERR4691857,ERR4691858","ERX4612966,ERX4612967"
90SUR1QQSS11,"ERR4691859,ERR4691860","ERX4612968,ERX4612969"
90SUR1SSUU11,"ERR4691861,ERR4691862","ERX4612970,ERX4612971"
91SUR1GGMM11,ERR4691770,ERX4612879
91SUR1MMQQ11,ERR4691771,ERX4612880
91SUR1QQSS11,ERR4691772,ERX4612881
92SUR1GGMM11,ERR868413,ERX947976
92SUR1GGZZ11,"ERR1726645,ERR1726749","ERX1796747,ERX1796764"
92SUR1MMQQ11,ERR1726632,ERX1796679
92SUR1QQSS11,ERR1726850,ERX1796531
92SUR1SSUU11,"ERR1726790,ERR1726895","ERX1796526,ERX1796615"
93DCM01QQRR11,ERR4691742,ERX4612851
93DCM0CCKK11,ERR598965,ERX556045
93DCM1GGMM11,ERR868358,ERX948005
93DCM1SSUU11,ERR1726627,ERX1796853
93SUR01GGZZ11,ERR1726952,ERX1796905
93SUR0CCKK11,ERR599064,ERX555965
93SUR1GGMM11,ERR868416,ERX948054
93SUR1GGZZ11,ERR1726719,ERX1796668
93SUR1MMQQ11,ERR1726878,ERX1796861
93SUR1SSUU11,ERR1726876,ERX1796692
93SUR2QQSS11,ERR1726524,ERX1796959
94SUR0CCKK11,ERR599050,ERX555988
94SUR1GGMM11,ERR4691788,ERX4612897
94SUR1GGZZ11,ERR4691792,ERX4612901
94SUR1MMQQ11,ERR4691789,ERX4612898
94SUR1QQSS11,ERR4691790,ERX4612899
94SUR1SSUU11,ERR4691791,ERX4612900
95SUR1GGMM11,ERR868436,ERX947954
95SUR1GGZZ11,ERR4691743,ERX4612852
95SUR1MMQQ11,ERR1726779,ERX1796520
95SUR1QQSS11,ERR1726963,ERX1796840
95SUR1SSUU11,ERR1726543,ERX1796824
96DCM1GGMM11,ERR868415,ERX948091
96DCM1GGZZ11,ERR4691786,ERX4612895
96DCM1SSUU11,ERR1726806,ERX1796702
96DCM2MMQQ11,ERR1726815,ERX1796598
96SUR0CCKK11,ERR598967,ERX556130
96SUR1GGMM11,ERR868404,ERX948105
96SUR1GGZZ11,ERR4691787,ERX4612896
96SUR1MMQQ11,ERR1726943,ERX1796699
96SUR1QQSS11,ERR1726558,ERX1796629
96SUR1SSUU11,ERR1726716,ERX1796636
97DCM1GGZZ11,ERR4691724,ERX4612833
97DCM1SSUU11,ERR1726880,ERX1796718
97DCM2GGMM11,ERR868446,ERX948014
97SUR1GGMM11,ERR868444,ERX947982
97SUR1GGZZ11,ERR4691725,ERX4612834
97SUR1QQSS11,ERR1726598,ERX1796507
97SUR1SSUU11,ERR1726593,ERX1796562
98DCM0CCKK11,"ERR599042,ERR599079","ERX555928,ERX556065"
98DCM1QQSS11,"ERR1726603,ERR1726710","ERX1796739,ERX1796812"
98DCM1SSUU11,ERR1726900,ERX1796719
98SUR0CCKK11,"ERR599093,ERR599120","ERX555979,ERX556049"
98SUR1GGMM11,"ERR868447,ERR868499","ERX947978,ERX948101"
98SUR1MMQQ11,"ERR1726735,ERR1726896","ERX1796722,ERX1796737"
98SUR1QQSS11,ERR1726970,ERX1796667
98SUR1SSUU11,ERR1726541,ERX1796652
99SUR0CCKK11,ERR599024,ERX555926
99SUR1GGMM11,ERR4691808,ERX4612917
99SUR1GGZZ11,ERR4691812,ERX4612921
99SUR1MMQQ11,ERR4691809,ERX4612918
99SUR1QQSS11,ERR4691810,ERX4612919
99SUR1SSUU11,ERR4691811,ERX4612920
9DCM0CCII11,"ERR594315,ERR594329","ERX552291,ERX552303"
9DCM1GGMM11,ERR868473,ERX948007
9DCM1SSUU11,"ERR1726557,ERR1726839","ERX1796535,ERX1796550"
9SUR0CCII11,"ERR594288,ERR594316,ERR594317","ERX552248,ERX552251,ERX552288"
9SUR1GGMM11,ERR868407,ERX948094
9SUR1SSUU11,"ERR1726662,ERR1726681","ERX1796763,ERX1796856"